id,name,user_id,event
b1fabba1-7766-42f1-a025-4ab497944ba5,Marie Silva,024c27d4-b9ec-469a-a068-9b524d6ffa29,show
70ebc649-2724-4a41-b27d-0a78e1f40b87,Marie Silva,024c27d4-b9ec-469a-a068-9b524d6ffa29,show
04cc5a3a-89e2-4c47-bc8e-a4763a1d9f45,Francesco White,4521e888-906f-4bab-8e3b-f9363f20efb4,show
db24b729-4363-4c11-9089-cc6acd136c41,Omar Emmons,e95a6d75-8427-4a23-9eea-45b0bdd1fc98,show
ad1b7ea4-db8f-403b-9208-6a0a49f770fa,Marie Silva,024c27d4-b9ec-469a-a068-9b524d6ffa29,show
c64d7bd7-d0cf-4fa4-a2df-8c5a2fd44957,Stephanie Maggard,328d12c1-bf16-4244-abfb-56aaac6036be,show
5482f247-8b9b-4cfd-9599-baf10a9de8ee,Patricia Santos,42322a7d-a391-47e6-9ab0-6512cdffdf89,show
0c290c94-a934-4f22-8bdf-c8e5ff09648c,Pat Phillips,87207a2c-b207-4c8f-9563-b883e91338f6,show
d5837775-fbcc-4c00-896a-251c856e33a7,Daniel Bonifacio,b80cfbcd-8410-40a3-833b-21e831e928e9,show
1b48233f-4928-4049-bb7a-450525074baf,Karen Mata,7dd225b3-7277-49a9-b2ca-1c00b6c74ebe,show
c1c8150e-6b10-4339-b2b8-fb834d7753b8,Omar Emmons,e95a6d75-8427-4a23-9eea-45b0bdd1fc98,show
a0d7426b-e162-48ef-a196-362911122a44,Stephanie Maggard,328d12c1-bf16-4244-abfb-56aaac6036be,show
e0d6c4a5-1ae9-4495-92bf-233cdc4440bf,Tamara Overton,c5f49627-5b42-4126-a495-0059ebfecfa8,show
ebd4c88a-e753-4544-8d89-240456e25d6b,Marie Silva,024c27d4-b9ec-469a-a068-9b524d6ffa29,show
ff004c6e-563b-4255-a885-c4199bf8fedf,Deborah Isham,361f7340-7971-4b0c-814c-2f0638bf748c,show
b6faf960-fe84-4e88-a014-afe40b0aecfd,Pat Phillips,87207a2c-b207-4c8f-9563-b883e91338f6,show
6bb5be50-d4e9-4676-9e83-7385f6ed19fa,Patricia Santos,42322a7d-a391-47e6-9ab0-6512cdffdf89,show
c2a16b77-c6c9-4a09-9cfb-cc708ebfc8bc,Pat Phillips,87207a2c-b207-4c8f-9563-b883e91338f6,show
611150f5-efc6-4219-bc59-fd410b92dca7,Pat Phillips,87207a2c-b207-4c8f-9563-b883e91338f6,show
c00ddfa6-1bb9-4ba5-8033-cf73027ffd58,Tamara Overton,c5f49627-5b42-4126-a495-0059ebfecfa8,show
52283326-aea6-4a88-aeed-4c0e39c732cf,Stephanie Maggard,328d12c1-bf16-4244-abfb-56aaac6036be,show
c696a5b4-6a5c-4ab0-9911-ff14ea9a1739,Daniel Bonifacio,b80cfbcd-8410-40a3-833b-21e831e928e9,show
f6e8b234-327f-446f-8f0f-90ed15b25f62,Pat Phillips,87207a2c-b207-4c8f-9563-b883e91338f6,show
df5f535b-e245-4e18-8adc-008b0a12246c,Stephanie Maggard,328d12c1-bf16-4244-abfb-56aaac6036be,show
f259bccd-735a-470a-b874-8689efd18d41,Danika Massey,68ebbad3-1ee5-4907-a09a-0504a04930c3,show
e41b5dab-2594-497d-ac56-3f27c5cb845c,Darwin Chavis,b31ede11-5c86-4ba6-9e81-cf1d02d52ced,show
a289a126-c3b6-4c16-9f4f-90aac8133e2a,David Sweitzer,88151aae-2daa-4258-b0d9-a97371aa3dc1,show
0d27a38d-8360-464a-b14a-4bb026e14577,Daniel Bonifacio,b80cfbcd-8410-40a3-833b-21e831e928e9,show
eca9c1b0-9653-4c1c-9f93-1533828457cb,Karen Mata,7dd225b3-7277-49a9-b2ca-1c00b6c74ebe,show
4e632c74-588d-48ef-b0b0-2d959fa5909f,Omar Emmons,e95a6d75-8427-4a23-9eea-45b0bdd1fc98,show
0ff99f51-518f-49d1-a26a-7cd77dffd216,Rafael Dirickson,e2040242-52a1-42f6-9151-1c57d35a3a2d,show
d8b67a5f-5190-468a-ad39-aedae9765694,Tamara Overton,c5f49627-5b42-4126-a495-0059ebfecfa8,show
7b47f492-7302-4eb5-a6df-c28eed1f628f,Christopher Savoie,f38413e3-092a-450e-86ea-a3e86670ce2a,show
43615148-0ef2-4ac8-ab04-cc79b8140046,John Beidleman,b6308ac4-a806-4e10-a80c-b7be69820e97,show
3b7e5db2-8218-4740-a8b4-b1677eca08df,Omar Emmons,e95a6d75-8427-4a23-9eea-45b0bdd1fc98,click
1aa41a8c-4ed4-42f6-ada2-81b8ad6c2a50,Francesco White,4521e888-906f-4bab-8e3b-f9363f20efb4,click
3c4c6d84-dd57-43a5-8459-aef8856f3442,Christopher Savoie,f38413e3-092a-450e-86ea-a3e86670ce2a,show
ccdbcdcb-d251-4f6a-8efd-6c4ddd1969aa,Stephanie Maggard,328d12c1-bf16-4244-abfb-56aaac6036be,show
ce1fd8e8-a78e-4fd4-9e95-5434db148c50,Marie Silva,024c27d4-b9ec-469a-a068-9b524d6ffa29,show
f68875fd-d96f-427f-960f-2eacabfcb7c4,Stephanie Maggard,328d12c1-bf16-4244-abfb-56aaac6036be,show
bc274553-ba3a-4e89-824d-23cc7e81365f,Rafael Dirickson,e2040242-52a1-42f6-9151-1c57d35a3a2d,show
4ad74fa4-59c3-4f50-aabd-39026e9540dc,Karen Mata,7dd225b3-7277-49a9-b2ca-1c00b6c74ebe,show
d87c11a1-1915-4146-936d-4c6896e6e856,Deborah Isham,361f7340-7971-4b0c-814c-2f0638bf748c,show
c8a45c1a-c0dc-424b-ad0e-fdb31dfb47e8,Anthony Luvene,1e0f9099-bd34-4797-ba7c-e5d990e7213d,show
57e236eb-982f-4132-98ae-9798384f0652,Danika Massey,68ebbad3-1ee5-4907-a09a-0504a04930c3,show
04d85c51-4802-4150-90bb-83dc60f2110b,Francesco White,4521e888-906f-4bab-8e3b-f9363f20efb4,show
fcbe747c-2aec-4814-a4d7-978d4aec4250,Daniel Bonifacio,b80cfbcd-8410-40a3-833b-21e831e928e9,show
f348f0ef-e43e-4c79-ad5e-7850e63f16c6,James Tran,b222d139-2058-4c0d-8559-1a8adcaa7aa5,show
eb54914d-14fe-4e30-ba71-c222ed608735,Francesco White,4521e888-906f-4bab-8e3b-f9363f20efb4,show
6163c002-84cb-4c4a-b545-94f10cfed93f,Tamara Overton,c5f49627-5b42-4126-a495-0059ebfecfa8,show
cce9e4cb-9a82-438c-849f-bac7d4c6a1b3,Marie Silva,024c27d4-b9ec-469a-a068-9b524d6ffa29,show
2dc5f9e0-69fb-4e9c-b997-83dd4de838d0,Anthony Luvene,1e0f9099-bd34-4797-ba7c-e5d990e7213d,show
828bebfd-f7d0-48d0-bc48-794d56983c8b,Rafael Dirickson,e2040242-52a1-42f6-9151-1c57d35a3a2d,show
0663ae01-8633-4c00-bb2c-095276790d41,Deborah Isham,361f7340-7971-4b0c-814c-2f0638bf748c,show
4261729a-289d-4757-adb9-e32c80312075,Patricia Santos,42322a7d-a391-47e6-9ab0-6512cdffdf89,show
e93b1dcd-ce9f-4f58-a861-bef2affbed8d,Omar Emmons,e95a6d75-8427-4a23-9eea-45b0bdd1fc98,show
44c63287-8f58-4239-8fcf-ba2b94f96212,Omar Emmons,e95a6d75-8427-4a23-9eea-45b0bdd1fc98,show
26769eb9-8f5f-4535-a37e-f79bd5ec152e,Ladonna Short,d9063207-d7dc-4d98-bafb-ca0467aa5a11,show
ea5b550d-6083-44a3-b35f-ff0f1e90bc9a,Tamara Overton,c5f49627-5b42-4126-a495-0059ebfecfa8,show
c9f7b0cc-4fa3-4f55-8c24-6bd2eb953b4c,Omar Emmons,e95a6d75-8427-4a23-9eea-45b0bdd1fc98,show
f44e3f40-a346-4ad4-b3d5-e6e7622a1cf0,James Tran,b222d139-2058-4c0d-8559-1a8adcaa7aa5,show
7ad0cfac-18dc-46bb-984d-b6fee8a4c59e,Marie Silva,024c27d4-b9ec-469a-a068-9b524d6ffa29,show
667fe262-f0e0-4880-8f39-a09ef7498f0f,Omar Emmons,e95a6d75-8427-4a23-9eea-45b0bdd1fc98,show
8e351f4e-3daf-45c2-ac56-12080609b35e,Omar Emmons,e95a6d75-8427-4a23-9eea-45b0bdd1fc98,show
7130fe9d-ee43-464a-8702-2f084fd41258,Pat Phillips,87207a2c-b207-4c8f-9563-b883e91338f6,show
63068890-29a7-4f54-8466-52abfde95934,John Beidleman,b6308ac4-a806-4e10-a80c-b7be69820e97,show
4a39ceec-2ea0-428f-9205-41fb0cd280a4,John Norrick,3073335c-8e1e-4224-97e2-01e6c569f0b9,show
253df097-557d-4584-903b-ae54f3a3a02c,Ladonna Short,d9063207-d7dc-4d98-bafb-ca0467aa5a11,show
eb2c302c-d517-4680-9a2a-ca4f38167204,Omar Emmons,e95a6d75-8427-4a23-9eea-45b0bdd1fc98,show
cb9ba29e-2002-4db3-805e-fa8e747361c4,Stephanie Maggard,328d12c1-bf16-4244-abfb-56aaac6036be,show
1a1f0d78-8824-49f0-a99a-344f9f5feaca,Francesco White,4521e888-906f-4bab-8e3b-f9363f20efb4,show
11e3bd15-7b51-4136-b598-edb0f410e714,Marie Silva,024c27d4-b9ec-469a-a068-9b524d6ffa29,show
5d53d198-ef37-48fd-aef9-4fee5c112fc3,Daniel Bonifacio,b80cfbcd-8410-40a3-833b-21e831e928e9,show
ff440ff7-34d1-4ebb-98a4-00f090a8fbb3,Danika Massey,68ebbad3-1ee5-4907-a09a-0504a04930c3,show
2ec5ed5b-0e82-4b9c-bbc3-de14511eb217,Karen Mata,7dd225b3-7277-49a9-b2ca-1c00b6c74ebe,show
9b2b5481-a000-475d-8f72-cb882edb6d62,Marie Silva,024c27d4-b9ec-469a-a068-9b524d6ffa29,show
2b556d72-1286-416a-8b4b-d65df55e74be,Omar Emmons,e95a6d75-8427-4a23-9eea-45b0bdd1fc98,show
5abfdb1c-dd5b-43e1-b611-f6734c41afff,John Beidleman,b6308ac4-a806-4e10-a80c-b7be69820e97,show
6973662d-f598-4d0e-adfa-9500d0050e2d,Marie Silva,024c27d4-b9ec-469a-a068-9b524d6ffa29,show
a5e3d93a-9ed7-47d8-b184-b024219a8dc7,Danika Massey,68ebbad3-1ee5-4907-a09a-0504a04930c3,show
499d3ed5-98a5-4cb0-a13f-146ca0a22a91,Christopher Savoie,f38413e3-092a-450e-86ea-a3e86670ce2a,show
a6bae272-00ed-438b-b418-9c85328c6922,John Norrick,3073335c-8e1e-4224-97e2-01e6c569f0b9,show
644cb406-d2a0-43fc-9184-5847b3ca54eb,Ladonna Short,d9063207-d7dc-4d98-bafb-ca0467aa5a11,show
007c5fbc-591e-4a9a-867e-8a51dd52c806,Omar Emmons,e95a6d75-8427-4a23-9eea-45b0bdd1fc98,click
ae3be701-8e6e-4a59-92d2-f4714d49e1bd,Stephanie Maggard,328d12c1-bf16-4244-abfb-56aaac6036be,show
b24cb469-1e50-476d-8c98-8de0a697be91,John Norrick,3073335c-8e1e-4224-97e2-01e6c569f0b9,show
8dc8a976-7bc7-4870-8dab-6a3273998870,Pat Phillips,87207a2c-b207-4c8f-9563-b883e91338f6,show
de183c9e-2299-468e-8502-a6d872af2aab,Pat Phillips,87207a2c-b207-4c8f-9563-b883e91338f6,show
c7fe13c2-7c74-482f-b09c-5f6b6c5e6d27,David Sweitzer,88151aae-2daa-4258-b0d9-a97371aa3dc1,show
ebbe2f70-bdd1-4f34-b5eb-d3389f4d9ab6,John Norrick,3073335c-8e1e-4224-97e2-01e6c569f0b9,show
8b293d3a-a2bb-4277-aa06-23948c0318d9,Tamara Overton,c5f49627-5b42-4126-a495-0059ebfecfa8,show
bd2dcbc3-9fc2-43b3-8e94-7ef0134cae55,Tamara Overton,c5f49627-5b42-4126-a495-0059ebfecfa8,show
804d4bc2-8f29-437c-91cf-d5d2a601a602,Anthony Luvene,1e0f9099-bd34-4797-ba7c-e5d990e7213d,click
acd9aa09-ebcf-4f80-a562-4d6e67457bf2,John Norrick,3073335c-8e1e-4224-97e2-01e6c569f0b9,show
a4d01d6b-d47b-4f89-bc40-b7324134f3fc,Anthony Luvene,1e0f9099-bd34-4797-ba7c-e5d990e7213d,show
c615c00f-9509-4019-8087-831097af66c0,Patricia Santos,42322a7d-a391-47e6-9ab0-6512cdffdf89,show
0a52aaf7-e75a-4abc-b7f8-c27885ed0523,Pat Phillips,87207a2c-b207-4c8f-9563-b883e91338f6,show
683f1682-537c-43c7-8676-9f58206f2400,Patricia Santos,42322a7d-a391-47e6-9ab0-6512cdffdf89,show
2b53dcbd-12de-409b-b748-1ddda16d9f66,Rafael Dirickson,e2040242-52a1-42f6-9151-1c57d35a3a2d,show
118b3f7d-80e8-4171-bdc2-e2103c105495,Anthony Luvene,1e0f9099-bd34-4797-ba7c-e5d990e7213d,show
e701eef1-23dd-404a-8f25-47c43819f3ae,Karen Mata,7dd225b3-7277-49a9-b2ca-1c00b6c74ebe,show
88bf9574-3933-4a25-bd7a-f2753aec862c,Marie Silva,024c27d4-b9ec-469a-a068-9b524d6ffa29,show
ac9bb81a-e271-4645-984d-251c7d743eb1,David Sweitzer,88151aae-2daa-4258-b0d9-a97371aa3dc1,show
6ea1b544-9ca1-4ff5-bc20-99c95fc51720,Rafael Dirickson,e2040242-52a1-42f6-9151-1c57d35a3a2d,show
25fa5452-0ef0-4432-8393-a0f90907cdd0,Daniel Bonifacio,b80cfbcd-8410-40a3-833b-21e831e928e9,show
1d20c6a6-276a-45db-9e1f-9c819cd6052f,Patricia Santos,42322a7d-a391-47e6-9ab0-6512cdffdf89,show
f846ce44-ad51-4f5f-b167-9c5e110863f3,John Beidleman,b6308ac4-a806-4e10-a80c-b7be69820e97,show
1458b4f3-3197-4b4c-8054-0999be5b5e88,Pat Phillips,87207a2c-b207-4c8f-9563-b883e91338f6,show
d520313c-def8-4f46-a542-a42125d4aed3,Karen Mata,7dd225b3-7277-49a9-b2ca-1c00b6c74ebe,show
7d90a246-37a5-42e7-8cb2-9e5891110f43,Pat Phillips,87207a2c-b207-4c8f-9563-b883e91338f6,show
91f12230-cc95-4f45-8693-fa9add1e04f3,James Tran,b222d139-2058-4c0d-8559-1a8adcaa7aa5,show
36f6bc55-dcff-45b5-a2e4-c067c8c35d1d,Tamara Overton,c5f49627-5b42-4126-a495-0059ebfecfa8,show
969c8d4c-3122-4896-aaa3-fa8b3a579348,Omar Emmons,e95a6d75-8427-4a23-9eea-45b0bdd1fc98,show
7417a93e-64fd-40f7-bb34-d8d33c7aac99,Omar Emmons,e95a6d75-8427-4a23-9eea-45b0bdd1fc98,show
41f84524-7df5-40ad-8fe5-3aec3f62bde1,Pat Phillips,87207a2c-b207-4c8f-9563-b883e91338f6,show
f3e3eaae-5753-46b2-bdc6-c17cd577532f,Patricia Santos,42322a7d-a391-47e6-9ab0-6512cdffdf89,show
fe1feef3-2e92-47ef-ac6a-b50dbe0881ba,Tamara Overton,c5f49627-5b42-4126-a495-0059ebfecfa8,show
12c29e08-a161-4825-850a-de67f4913d40,Deborah Isham,361f7340-7971-4b0c-814c-2f0638bf748c,show
f23ec5e8-fe2c-4e71-bfbc-cf9dfc700f74,Tamara Overton,c5f49627-5b42-4126-a495-0059ebfecfa8,click
4334e2d6-0852-4245-ae8f-9e81364a9079,Anthony Luvene,1e0f9099-bd34-4797-ba7c-e5d990e7213d,show
aa2f9f35-479e-4d59-a35c-603d020535d4,Anthony Luvene,1e0f9099-bd34-4797-ba7c-e5d990e7213d,show
1f839b8b-8309-4503-9db6-9a2c1d010d1c,John Beidleman,b6308ac4-a806-4e10-a80c-b7be69820e97,show
a7746160-9aca-479b-995c-8f59cacd5b8e,Omar Emmons,e95a6d75-8427-4a23-9eea-45b0bdd1fc98,show
9af4b700-4722-4558-a3ea-684807111ebb,Darwin Chavis,b31ede11-5c86-4ba6-9e81-cf1d02d52ced,show
b91d4ab0-0fcc-4daf-b906-35415f7a4837,David Sweitzer,88151aae-2daa-4258-b0d9-a97371aa3dc1,show
8a9ed604-3bfd-42bf-bd0e-f2845f854920,John Beidleman,b6308ac4-a806-4e10-a80c-b7be69820e97,click
f968b98b-2a03-4b09-8511-d3bb10e7b917,James Tran,b222d139-2058-4c0d-8559-1a8adcaa7aa5,show
24645798-9d08-4706-b8f6-3354ffdffb0a,David Sweitzer,88151aae-2daa-4258-b0d9-a97371aa3dc1,show
668f9aed-9aea-47c0-a7f5-3dbbb729a942,David Sweitzer,88151aae-2daa-4258-b0d9-a97371aa3dc1,show
b3278c95-b4f0-4a85-bf12-5fe7bacf5ca6,Omar Emmons,e95a6d75-8427-4a23-9eea-45b0bdd1fc98,show
32bd2917-8876-4227-81cc-a554dd95034e,Darwin Chavis,b31ede11-5c86-4ba6-9e81-cf1d02d52ced,show
8e222269-f158-4b08-8366-afa802c89f92,Danika Massey,68ebbad3-1ee5-4907-a09a-0504a04930c3,show
25a057cd-23c5-486c-a928-24cfa7f9837e,John Norrick,3073335c-8e1e-4224-97e2-01e6c569f0b9,show
ccfa4f88-fd85-4915-889d-bb1ff22b0104,Christopher Savoie,f38413e3-092a-450e-86ea-a3e86670ce2a,show
724d6d93-1cf7-4b5e-bdba-8f59a485a56f,Darwin Chavis,b31ede11-5c86-4ba6-9e81-cf1d02d52ced,click
c8084953-7fed-4840-9adb-bc4d5852c1df,Rafael Dirickson,e2040242-52a1-42f6-9151-1c57d35a3a2d,show
47331411-bb81-405b-b606-9c954058b711,John Beidleman,b6308ac4-a806-4e10-a80c-b7be69820e97,show
b8e9e199-02b8-4c13-a4fe-b3fc80dcf849,Ladonna Short,d9063207-d7dc-4d98-bafb-ca0467aa5a11,show
b1ceb590-eabc-4066-9ff2-f9ba66029107,Omar Emmons,e95a6d75-8427-4a23-9eea-45b0bdd1fc98,show
d55eaf44-a104-499f-82ed-fa890a1a0b19,Karen Mata,7dd225b3-7277-49a9-b2ca-1c00b6c74ebe,show
db40398a-a662-4d59-aee7-b4cf1d41a6b5,Ladonna Short,d9063207-d7dc-4d98-bafb-ca0467aa5a11,show
c4ceb354-8546-46ff-9a67-d12388bbcc27,Karen Mata,7dd225b3-7277-49a9-b2ca-1c00b6c74ebe,show
02139c18-d531-41b5-9af7-e9a0f32dbba6,Danika Massey,68ebbad3-1ee5-4907-a09a-0504a04930c3,show
6cc7c97b-840c-40cd-bb47-db38264e67e3,Marie Silva,024c27d4-b9ec-469a-a068-9b524d6ffa29,show
657e8404-4558-4e61-aae2-965fadb10441,Omar Emmons,e95a6d75-8427-4a23-9eea-45b0bdd1fc98,click
403236e1-1702-4884-beb1-7e63ecae1afb,John Norrick,3073335c-8e1e-4224-97e2-01e6c569f0b9,show
e8324e08-c972-4700-8e8c-58b85ed9870a,Omar Emmons,e95a6d75-8427-4a23-9eea-45b0bdd1fc98,show
ea271934-c4d7-4341-91a0-64727cb08b96,John Norrick,3073335c-8e1e-4224-97e2-01e6c569f0b9,show
42f9b58b-d1bb-4228-b3c1-f89b03ad97e3,John Norrick,3073335c-8e1e-4224-97e2-01e6c569f0b9,show
731e7107-75b1-4d4c-9b36-4f57b3920ebd,Danika Massey,68ebbad3-1ee5-4907-a09a-0504a04930c3,show
3db560e5-fb57-4114-b296-56dbb23d6555,Tamara Overton,c5f49627-5b42-4126-a495-0059ebfecfa8,show
5a9ed876-dc75-4cfa-b0ef-fcea32ed2cac,Daniel Bonifacio,b80cfbcd-8410-40a3-833b-21e831e928e9,click
c59c41d8-4ed1-4544-a0bc-f0ea0a42a881,Danika Massey,68ebbad3-1ee5-4907-a09a-0504a04930c3,show
cfdc87da-1ab3-4732-892c-ee1fc878b54a,Karen Mata,7dd225b3-7277-49a9-b2ca-1c00b6c74ebe,show
dd922c44-6ef6-4fbc-bc43-105ef4daf1d4,Patricia Santos,42322a7d-a391-47e6-9ab0-6512cdffdf89,show
845ac428-e4b7-4a71-91ba-90f0f6c4dd70,Tamara Overton,c5f49627-5b42-4126-a495-0059ebfecfa8,show
5340e237-60b5-47b9-a0d5-6521baf10652,Francesco White,4521e888-906f-4bab-8e3b-f9363f20efb4,show
87ee3e88-1330-4045-a723-4538846b421c,Rafael Dirickson,e2040242-52a1-42f6-9151-1c57d35a3a2d,show
1bceb0fd-0c9a-412f-98bc-d6a9ef8dc55d,John Beidleman,b6308ac4-a806-4e10-a80c-b7be69820e97,show
77e07c6d-e471-4a60-947c-97d0fb961e9e,Francesco White,4521e888-906f-4bab-8e3b-f9363f20efb4,show
ed24eb09-81c5-4f61-a6bb-f4cdd30424ac,Daniel Bonifacio,b80cfbcd-8410-40a3-833b-21e831e928e9,show
a7a1af5e-7414-43e2-9caa-95ca3b8b0f37,Marie Silva,024c27d4-b9ec-469a-a068-9b524d6ffa29,show
a3662bba-8d9b-4340-9f0a-c81f1304f5f6,John Norrick,3073335c-8e1e-4224-97e2-01e6c569f0b9,show
119eb5a8-4650-4ae0-945a-2d384f42910d,Anthony Luvene,1e0f9099-bd34-4797-ba7c-e5d990e7213d,show
944569a2-83de-40ec-acee-69a9eae6dd49,Ladonna Short,d9063207-d7dc-4d98-bafb-ca0467aa5a11,show
c9e5908c-e963-4c56-97bc-eb85ca3330ea,Omar Emmons,e95a6d75-8427-4a23-9eea-45b0bdd1fc98,show
4b27c668-fd60-4ccd-be62-ec6cf93673a9,Francesco White,4521e888-906f-4bab-8e3b-f9363f20efb4,show
326237f1-89d4-43d0-b737-706fe2ebbfad,Stephanie Maggard,328d12c1-bf16-4244-abfb-56aaac6036be,show
255d3cf2-3c35-4cb3-8ae7-d163f49268eb,Francesco White,4521e888-906f-4bab-8e3b-f9363f20efb4,show
f0b0216d-2cab-4182-9f8b-5f1b67c54a90,Patricia Santos,42322a7d-a391-47e6-9ab0-6512cdffdf89,show
1411dfa3-92f5-4d4f-8a74-d8513039bc1a,Stephanie Maggard,328d12c1-bf16-4244-abfb-56aaac6036be,show
770101f6-18f6-4eda-9d5c-7dc436ae779e,Pat Phillips,87207a2c-b207-4c8f-9563-b883e91338f6,show
5fc466bb-034f-43c7-9b10-a2d37b1b4724,John Norrick,3073335c-8e1e-4224-97e2-01e6c569f0b9,show
43187275-cf5f-4124-87f9-589957bbc868,Ladonna Short,d9063207-d7dc-4d98-bafb-ca0467aa5a11,show
138e9748-1be3-4e03-8584-f1efceb81020,Stephanie Maggard,328d12c1-bf16-4244-abfb-56aaac6036be,show
c7d10268-e538-47c8-aa45-5c36006aa340,Rafael Dirickson,e2040242-52a1-42f6-9151-1c57d35a3a2d,show
98e86800-ce01-49ea-a00a-80a48f3768df,Darwin Chavis,b31ede11-5c86-4ba6-9e81-cf1d02d52ced,show
5c702cba-3f8d-493c-a32b-81f6999a62ee,Pat Phillips,87207a2c-b207-4c8f-9563-b883e91338f6,show
4c920a08-f555-42b9-8e4d-b0e749367417,Danika Massey,68ebbad3-1ee5-4907-a09a-0504a04930c3,show
d844edc6-836c-46bf-bc62-473c1c9f7674,James Tran,b222d139-2058-4c0d-8559-1a8adcaa7aa5,show
dcdc62fe-2abc-4a6c-a260-e6d7ddefe165,Omar Emmons,e95a6d75-8427-4a23-9eea-45b0bdd1fc98,show
f40a306b-e1ed-4183-b787-0c3713a74744,James Tran,b222d139-2058-4c0d-8559-1a8adcaa7aa5,click
0534a76f-cdd8-4eda-bb82-ba267b634898,Deborah Isham,361f7340-7971-4b0c-814c-2f0638bf748c,click
f1860577-67ba-4ff1-87bf-6b612f9d69df,Daniel Bonifacio,b80cfbcd-8410-40a3-833b-21e831e928e9,show
f34ad521-91ab-4a16-80f9-c3a464511afc,Christopher Savoie,f38413e3-092a-450e-86ea-a3e86670ce2a,show
b46ad832-3357-48a8-8abe-85ce9aa9b041,Rafael Dirickson,e2040242-52a1-42f6-9151-1c57d35a3a2d,show
93639dec-7ee2-415e-9d95-93de5ab41bf8,Rafael Dirickson,e2040242-52a1-42f6-9151-1c57d35a3a2d,show
94bcf757-758b-4f6c-8253-72f62ddcc2de,James Tran,b222d139-2058-4c0d-8559-1a8adcaa7aa5,show
2ff01042-f745-44a5-94d7-572ff583bea8,Danika Massey,68ebbad3-1ee5-4907-a09a-0504a04930c3,show
9b79eefa-dd79-40c3-901e-83c70718dabb,Stephanie Maggard,328d12c1-bf16-4244-abfb-56aaac6036be,show
6c5e806f-7314-49d3-af01-774f0719cd72,Stephanie Maggard,328d12c1-bf16-4244-abfb-56aaac6036be,show
b39fa8d7-d2bb-4b71-997a-4f57d3cefa9d,Daniel Bonifacio,b80cfbcd-8410-40a3-833b-21e831e928e9,show
65ef5f52-ed45-4de1-9fbf-72bd3ee13060,Tamara Overton,c5f49627-5b42-4126-a495-0059ebfecfa8,show
1c00dd15-f173-45e1-a641-77b27b542b49,Stephanie Maggard,328d12c1-bf16-4244-abfb-56aaac6036be,show
50e2d2a4-889f-4c8c-ba44-21f1fb23c328,Karen Mata,7dd225b3-7277-49a9-b2ca-1c00b6c74ebe,click
cd640778-201d-4304-8653-8755ccf6d725,Stephanie Maggard,328d12c1-bf16-4244-abfb-56aaac6036be,show
d31c71f6-cf7b-4fc7-acd6-b8ecaaab7975,James Tran,b222d139-2058-4c0d-8559-1a8adcaa7aa5,show
12a007e8-d80f-4f8e-ad94-f1acd6059d35,John Beidleman,b6308ac4-a806-4e10-a80c-b7be69820e97,show
c50efeba-4537-4ed9-965e-d01e5b66a96e,Daniel Bonifacio,b80cfbcd-8410-40a3-833b-21e831e928e9,show
9c479af4-8a48-4150-bf6c-ece6cf2593da,Francesco White,4521e888-906f-4bab-8e3b-f9363f20efb4,show
b7bdf528-d947-4d48-bd57-1fa826a238ef,Christopher Savoie,f38413e3-092a-450e-86ea-a3e86670ce2a,show
44d4c898-1291-4b82-be74-8f88cf5493fe,Ladonna Short,d9063207-d7dc-4d98-bafb-ca0467aa5a11,show
bb2a9764-40a5-47e3-8a43-5513505a3802,James Tran,b222d139-2058-4c0d-8559-1a8adcaa7aa5,show
1ae1d47c-d186-49b9-9240-745436413f8b,Danika Massey,68ebbad3-1ee5-4907-a09a-0504a04930c3,show
52a1c83b-9e1a-40c7-ade1-cae64c55b0d2,David Sweitzer,88151aae-2daa-4258-b0d9-a97371aa3dc1,show
500e7304-68c6-4492-8090-6685d7559172,David Sweitzer,88151aae-2daa-4258-b0d9-a97371aa3dc1,show
b5d21e85-ab15-41e5-ab29-cf1b7ac23ba3,John Norrick,3073335c-8e1e-4224-97e2-01e6c569f0b9,show
a51f9521-4325-4b00-84ee-ac106e6151a9,Stephanie Maggard,328d12c1-bf16-4244-abfb-56aaac6036be,show
61a6adaf-8765-42f4-90dd-859dc51d74c4,Tamara Overton,c5f49627-5b42-4126-a495-0059ebfecfa8,show
6e187866-c838-4efc-a8e4-bb52c4adf47d,James Tran,b222d139-2058-4c0d-8559-1a8adcaa7aa5,show
3272d549-011e-450a-b9d3-36369aff0483,Christopher Savoie,f38413e3-092a-450e-86ea-a3e86670ce2a,show
7e0fc18d-f16d-4d76-8669-4c7f6c0ae095,Francesco White,4521e888-906f-4bab-8e3b-f9363f20efb4,show
817adcaa-75e4-451e-9951-754ff3800155,Francesco White,4521e888-906f-4bab-8e3b-f9363f20efb4,show
8726585b-fa36-4338-aafb-e7e0281db7f4,Danika Massey,68ebbad3-1ee5-4907-a09a-0504a04930c3,show
13e3e694-b065-4c05-8d3e-c120ecc077a6,Christopher Savoie,f38413e3-092a-450e-86ea-a3e86670ce2a,show
f0cb394a-c14f-4fed-842d-685f4b5322d2,Daniel Bonifacio,b80cfbcd-8410-40a3-833b-21e831e928e9,show
21d6072e-acd1-42e9-82ea-c17adc845b72,Danika Massey,68ebbad3-1ee5-4907-a09a-0504a04930c3,show
22e99dab-6174-4980-b0eb-e0daad7f9f76,David Sweitzer,88151aae-2daa-4258-b0d9-a97371aa3dc1,show
1b262c72-e298-400c-a579-7c5639a5d58a,Daniel Bonifacio,b80cfbcd-8410-40a3-833b-21e831e928e9,show
f2e80cff-1058-4e68-bdc7-703b7b8aaa8e,Christopher Savoie,f38413e3-092a-450e-86ea-a3e86670ce2a,show
7e813473-709c-4f75-81dd-cfbf1225c6b5,Darwin Chavis,b31ede11-5c86-4ba6-9e81-cf1d02d52ced,show
b142c108-415d-422c-9aac-5dc7f65a2b63,Deborah Isham,361f7340-7971-4b0c-814c-2f0638bf748c,show
c306c8a6-c344-4412-a04e-a7f78cdfc847,Darwin Chavis,b31ede11-5c86-4ba6-9e81-cf1d02d52ced,show
eb51f48f-27da-421b-8d16-b04d78bf6454,Rafael Dirickson,e2040242-52a1-42f6-9151-1c57d35a3a2d,show
fcaedfac-b187-4e96-bc47-821e62ed55b3,John Beidleman,b6308ac4-a806-4e10-a80c-b7be69820e97,show
92032807-684d-4cd0-b159-07a93610d97e,John Norrick,3073335c-8e1e-4224-97e2-01e6c569f0b9,show
230e6eb3-61e6-4c3a-be68-9be803935874,Marie Silva,024c27d4-b9ec-469a-a068-9b524d6ffa29,show
b39b9f08-2b1f-4061-8676-f830e704da6e,Omar Emmons,e95a6d75-8427-4a23-9eea-45b0bdd1fc98,show
ece98879-d93a-4811-81fa-d3a730aaf8cd,Anthony Luvene,1e0f9099-bd34-4797-ba7c-e5d990e7213d,show
7cb153a8-55f1-4e43-92c2-f6858bc44478,Danika Massey,68ebbad3-1ee5-4907-a09a-0504a04930c3,show
53f470f2-9223-4017-9539-5b7311a25e88,Patricia Santos,42322a7d-a391-47e6-9ab0-6512cdffdf89,show
9bfed3a3-8196-4219-8e0a-78ff8db0edf3,Daniel Bonifacio,b80cfbcd-8410-40a3-833b-21e831e928e9,show
73dd62bb-a256-41ab-89da-3e4e31bb3815,Darwin Chavis,b31ede11-5c86-4ba6-9e81-cf1d02d52ced,show
767652ab-bf5c-40d8-8bec-c103791d2542,Darwin Chavis,b31ede11-5c86-4ba6-9e81-cf1d02d52ced,show
8b171fe9-781b-433a-a8f0-ef1f3a89c0c5,Marie Silva,024c27d4-b9ec-469a-a068-9b524d6ffa29,show
b995349f-cc9d-4c68-a689-e56b77a5c966,Francesco White,4521e888-906f-4bab-8e3b-f9363f20efb4,show
be7974ab-bf64-4c3b-8a30-51577c5d3b09,Daniel Bonifacio,b80cfbcd-8410-40a3-833b-21e831e928e9,show
a5732147-5baf-4265-bd7b-f90fdf364041,Deborah Isham,361f7340-7971-4b0c-814c-2f0638bf748c,show
6b83c074-80dd-45ca-8515-637dda884d9a,Tamara Overton,c5f49627-5b42-4126-a495-0059ebfecfa8,show
37925c3d-f381-482c-b4e7-b9a48355531a,John Beidleman,b6308ac4-a806-4e10-a80c-b7be69820e97,show
066eb785-4460-4993-8e92-6db123c790d7,John Beidleman,b6308ac4-a806-4e10-a80c-b7be69820e97,show
ef7bcbec-7ab2-4be0-a335-823ca17dd581,Ladonna Short,d9063207-d7dc-4d98-bafb-ca0467aa5a11,show
b1dcf182-5993-4fcd-855b-9e63567c8b82,John Beidleman,b6308ac4-a806-4e10-a80c-b7be69820e97,show
119533ec-9598-42f3-a90d-fd14b7a16537,Tamara Overton,c5f49627-5b42-4126-a495-0059ebfecfa8,show
03f5b542-88f2-47e4-afa1-9446a33c1de0,Ladonna Short,d9063207-d7dc-4d98-bafb-ca0467aa5a11,show
d3744271-3cf3-496e-ad78-e045ffd872da,Christopher Savoie,f38413e3-092a-450e-86ea-a3e86670ce2a,show
3804d14f-8bc3-4a00-a620-f36033f87689,David Sweitzer,88151aae-2daa-4258-b0d9-a97371aa3dc1,show
df591268-4380-4b5e-8290-a8fd5932655c,Francesco White,4521e888-906f-4bab-8e3b-f9363f20efb4,show
86bbda55-a094-47d1-87b5-d30d55240236,Rafael Dirickson,e2040242-52a1-42f6-9151-1c57d35a3a2d,show
268e9983-da24-4d6d-8ce0-ca5f7ed89508,Francesco White,4521e888-906f-4bab-8e3b-f9363f20efb4,show
0165d252-5a8d-4e2e-8af5-e4ee5d5fb502,Darwin Chavis,b31ede11-5c86-4ba6-9e81-cf1d02d52ced,click
59599902-31cb-417a-bb62-77214f91fbe8,Stephanie Maggard,328d12c1-bf16-4244-abfb-56aaac6036be,show
3ecf7c73-92ec-4b0d-a3eb-9662b9be2058,John Norrick,3073335c-8e1e-4224-97e2-01e6c569f0b9,show
43151568-93a3-4715-9d00-e8c9b63511e3,Francesco White,4521e888-906f-4bab-8e3b-f9363f20efb4,show
40ca308e-8516-4ba4-bdf3-07394e68282f,Omar Emmons,e95a6d75-8427-4a23-9eea-45b0bdd1fc98,show
056f765e-df6a-493a-ac51-ec3b1ba95246,James Tran,b222d139-2058-4c0d-8559-1a8adcaa7aa5,show
a5756f67-3edd-4a85-9034-aaa403ea7172,John Norrick,3073335c-8e1e-4224-97e2-01e6c569f0b9,show
1d1fd597-ef22-4abe-a952-9d608e7850be,Marie Silva,024c27d4-b9ec-469a-a068-9b524d6ffa29,show
510f0720-33d8-4deb-a3a4-a521d587d265,Omar Emmons,e95a6d75-8427-4a23-9eea-45b0bdd1fc98,show
8eebcd2d-33ce-43dd-8ae7-fed1527a19fe,Ladonna Short,d9063207-d7dc-4d98-bafb-ca0467aa5a11,show
e733ba62-2386-4eb3-ab07-e49e26d75c5e,Darwin Chavis,b31ede11-5c86-4ba6-9e81-cf1d02d52ced,show
443b8346-fff3-4c37-bdb6-9afe5357bec0,Anthony Luvene,1e0f9099-bd34-4797-ba7c-e5d990e7213d,show
2424ebe0-b841-499c-900e-3bb1c1ee42f4,Omar Emmons,e95a6d75-8427-4a23-9eea-45b0bdd1fc98,show
38d275d5-6a08-43f5-bc8a-15b2731e6688,John Norrick,3073335c-8e1e-4224-97e2-01e6c569f0b9,show
2beaf2dd-7e12-4644-ae6e-14d98d0007dc,Karen Mata,7dd225b3-7277-49a9-b2ca-1c00b6c74ebe,show
639c74c4-a996-4f9f-8463-10aea0a00fed,Rafael Dirickson,e2040242-52a1-42f6-9151-1c57d35a3a2d,show
04a99577-f9c6-42e8-acf3-fb97d91613fa,Stephanie Maggard,328d12c1-bf16-4244-abfb-56aaac6036be,show
f4427607-d80e-4f0c-98ee-469f2efe2db6,John Norrick,3073335c-8e1e-4224-97e2-01e6c569f0b9,show
8ddc1546-123b-4e79-a109-58dccca0af4a,Karen Mata,7dd225b3-7277-49a9-b2ca-1c00b6c74ebe,show
2702dadc-4bef-4cb6-a451-3d32000d998d,Darwin Chavis,b31ede11-5c86-4ba6-9e81-cf1d02d52ced,show
ed7f763b-f846-478d-84c6-0f806395a75d,Omar Emmons,e95a6d75-8427-4a23-9eea-45b0bdd1fc98,show
58eccbcd-22b9-447d-9507-34f5c9465ca9,David Sweitzer,88151aae-2daa-4258-b0d9-a97371aa3dc1,show
08f3b577-60dd-4fcc-a4f1-2d0eb63f0577,Stephanie Maggard,328d12c1-bf16-4244-abfb-56aaac6036be,show
5e76296a-ec47-468a-b927-20667d4fa799,David Sweitzer,88151aae-2daa-4258-b0d9-a97371aa3dc1,show
f5c6c6d2-625a-432c-a41f-a0f8494a0c1e,Patricia Santos,42322a7d-a391-47e6-9ab0-6512cdffdf89,show
b3098e29-4881-4bce-8114-932abacd5c9e,Tamara Overton,c5f49627-5b42-4126-a495-0059ebfecfa8,show
dc663111-7ffc-40d2-bb40-ab74b860d9ca,Karen Mata,7dd225b3-7277-49a9-b2ca-1c00b6c74ebe,show
4d576a7f-f3e4-4ab1-9946-c9ae11523bd4,Darwin Chavis,b31ede11-5c86-4ba6-9e81-cf1d02d52ced,show
81ec6c8e-e364-4e39-b98f-b25e836bfda9,Marie Silva,024c27d4-b9ec-469a-a068-9b524d6ffa29,show
4d841e1d-cf3f-444e-9308-194bf2a0b66e,Omar Emmons,e95a6d75-8427-4a23-9eea-45b0bdd1fc98,show
83dcae1b-2a36-4365-8a80-388999a4a9ed,Ladonna Short,d9063207-d7dc-4d98-bafb-ca0467aa5a11,show
8f6f60dd-0a8a-42b5-a81d-03e3c6c619ce,John Beidleman,b6308ac4-a806-4e10-a80c-b7be69820e97,show
6b6c4870-ea7c-4aea-9e25-0aac7ae5013d,Darwin Chavis,b31ede11-5c86-4ba6-9e81-cf1d02d52ced,show
1fd36077-cab9-480c-a50b-396e518d4cba,Daniel Bonifacio,b80cfbcd-8410-40a3-833b-21e831e928e9,show
c3893069-4aae-4482-a107-2aaeb7bfe6c4,Christopher Savoie,f38413e3-092a-450e-86ea-a3e86670ce2a,show
30c916be-dadf-45f1-b21a-fb027d963cb6,John Norrick,3073335c-8e1e-4224-97e2-01e6c569f0b9,show
1e928f11-b94f-49e1-a3e7-d1224e2221a0,Danika Massey,68ebbad3-1ee5-4907-a09a-0504a04930c3,show
7f049da9-a8c0-43f3-b5b9-75005ca2c3df,James Tran,b222d139-2058-4c0d-8559-1a8adcaa7aa5,click
1bb61e95-03af-421f-acb0-9b2ff92cf8f0,Patricia Santos,42322a7d-a391-47e6-9ab0-6512cdffdf89,show
b9161fdd-1db3-4ba9-90ed-b42191231b35,Tamara Overton,c5f49627-5b42-4126-a495-0059ebfecfa8,show
301bad86-e2eb-4b28-8b92-1e4a09d7f92e,John Beidleman,b6308ac4-a806-4e10-a80c-b7be69820e97,show
8210d8e2-08bb-4dda-a1fc-d35f909181a2,James Tran,b222d139-2058-4c0d-8559-1a8adcaa7aa5,show
f126fb16-2ac1-4f19-bd86-f0885b428c97,Pat Phillips,87207a2c-b207-4c8f-9563-b883e91338f6,show
c3dae99c-4300-46af-873f-a69d7b514876,John Beidleman,b6308ac4-a806-4e10-a80c-b7be69820e97,show
f635a527-5012-466f-b319-73e0a2dc02f6,Francesco White,4521e888-906f-4bab-8e3b-f9363f20efb4,show
59332673-f871-4c45-953b-776b6b3b2234,Daniel Bonifacio,b80cfbcd-8410-40a3-833b-21e831e928e9,show
f37d355b-3c32-4703-9ec8-140821c18993,Anthony Luvene,1e0f9099-bd34-4797-ba7c-e5d990e7213d,show
64b0ebca-a52b-4bce-ad83-8dfa9c317454,Omar Emmons,e95a6d75-8427-4a23-9eea-45b0bdd1fc98,show
c7e12fbf-488c-43bd-8c5c-c25732aa8305,Rafael Dirickson,e2040242-52a1-42f6-9151-1c57d35a3a2d,show
52b27bec-8848-4f33-976a-832402f68d37,Stephanie Maggard,328d12c1-bf16-4244-abfb-56aaac6036be,show
02f05f96-d887-4d48-ae04-1b4476680ada,James Tran,b222d139-2058-4c0d-8559-1a8adcaa7aa5,show
ae616287-81b2-43ff-805f-2ad07776b9fa,Pat Phillips,87207a2c-b207-4c8f-9563-b883e91338f6,show
d84dbefa-0f16-4404-b6c5-0fb5e6e568d5,Deborah Isham,361f7340-7971-4b0c-814c-2f0638bf748c,show
be29a896-abd7-41d8-a473-f80b8aa51287,Rafael Dirickson,e2040242-52a1-42f6-9151-1c57d35a3a2d,show
003c998d-5dee-4eb4-ab8a-20d7f29bf913,Daniel Bonifacio,b80cfbcd-8410-40a3-833b-21e831e928e9,show
1c8fb0d9-f7d0-4b57-91ce-f47a9ab92c10,James Tran,b222d139-2058-4c0d-8559-1a8adcaa7aa5,show
58544510-95bb-46ee-9cf9-12907234bb7a,Darwin Chavis,b31ede11-5c86-4ba6-9e81-cf1d02d52ced,show
70f0d7de-188b-4364-a087-0a4b6249d4e7,Danika Massey,68ebbad3-1ee5-4907-a09a-0504a04930c3,show
423abe1e-b2a6-4ae4-83a6-582915c32eae,Anthony Luvene,1e0f9099-bd34-4797-ba7c-e5d990e7213d,show
14109eb7-d60f-48ee-8ed0-5fcfe643cd87,James Tran,b222d139-2058-4c0d-8559-1a8adcaa7aa5,show
59d023b2-f2ca-406e-a09e-50f9a4f9c5e4,Tamara Overton,c5f49627-5b42-4126-a495-0059ebfecfa8,show
f2a58a2f-b320-4959-868e-36b3e05bd1c8,Rafael Dirickson,e2040242-52a1-42f6-9151-1c57d35a3a2d,show
6072be47-d825-4785-b3eb-d897e4bf9fd5,Daniel Bonifacio,b80cfbcd-8410-40a3-833b-21e831e928e9,show
1f458bab-bc26-4044-bbbf-941952d0b934,Karen Mata,7dd225b3-7277-49a9-b2ca-1c00b6c74ebe,show
683491f6-112c-41da-85c4-c3c75537c1f2,Daniel Bonifacio,b80cfbcd-8410-40a3-833b-21e831e928e9,show
db9105d4-4a74-41f2-b405-42939adda6a7,John Norrick,3073335c-8e1e-4224-97e2-01e6c569f0b9,show
acbd0ed4-c164-4f8c-90b6-266bc2fb4194,Tamara Overton,c5f49627-5b42-4126-a495-0059ebfecfa8,show
c6f441b3-7fa0-48e1-995b-87a233a65999,James Tran,b222d139-2058-4c0d-8559-1a8adcaa7aa5,show
c8c58641-e11f-48fb-99a9-c52426e51171,Rafael Dirickson,e2040242-52a1-42f6-9151-1c57d35a3a2d,show
4f355178-37e6-44b7-affc-5491f3437ac2,James Tran,b222d139-2058-4c0d-8559-1a8adcaa7aa5,show
b8dedf3d-782f-4c26-8b4a-0fffb025ef58,Stephanie Maggard,328d12c1-bf16-4244-abfb-56aaac6036be,show
78902954-dde2-44d0-abc5-1a7a7f1bcb03,Danika Massey,68ebbad3-1ee5-4907-a09a-0504a04930c3,show
a8a09486-90ce-4600-a474-87eb309cbfe8,Francesco White,4521e888-906f-4bab-8e3b-f9363f20efb4,show
a2eb5f5f-3504-490d-835d-8103269b92ba,Francesco White,4521e888-906f-4bab-8e3b-f9363f20efb4,show
615bb547-8d04-4c94-8050-bf5100e7dd51,Daniel Bonifacio,b80cfbcd-8410-40a3-833b-21e831e928e9,show
b2c0390b-ac04-4eb3-986c-e99859d3d181,Danika Massey,68ebbad3-1ee5-4907-a09a-0504a04930c3,show
589a5711-d92a-4803-93ad-940d25f6ace0,Rafael Dirickson,e2040242-52a1-42f6-9151-1c57d35a3a2d,show
477e200c-d577-4ce7-9678-6cdad58fd453,Marie Silva,024c27d4-b9ec-469a-a068-9b524d6ffa29,click
9fd535b4-2a53-428e-adc8-6d01cade2a69,Rafael Dirickson,e2040242-52a1-42f6-9151-1c57d35a3a2d,show
1c1aa674-f033-4dac-831e-43135f5c6d75,Tamara Overton,c5f49627-5b42-4126-a495-0059ebfecfa8,show
cab64cb5-ff09-4a8c-b8e7-c0d32a716bab,John Norrick,3073335c-8e1e-4224-97e2-01e6c569f0b9,show
56a9bf5b-4300-498c-8382-fd5fc865f615,Stephanie Maggard,328d12c1-bf16-4244-abfb-56aaac6036be,show
b1257b8b-652e-44bb-a51d-5de1839e8bde,Deborah Isham,361f7340-7971-4b0c-814c-2f0638bf748c,click
87be249b-aead-45fb-9fe0-219bb9114a41,Karen Mata,7dd225b3-7277-49a9-b2ca-1c00b6c74ebe,show
d780e577-73fa-4e67-919f-0edcef3b9a9a,Christopher Savoie,f38413e3-092a-450e-86ea-a3e86670ce2a,show
37740a61-d030-4d1d-97ad-773c8bf7d101,John Beidleman,b6308ac4-a806-4e10-a80c-b7be69820e97,show
66d3b47a-a9f9-49a8-bb46-e7f36409a859,Marie Silva,024c27d4-b9ec-469a-a068-9b524d6ffa29,show
7d8907e5-5d9d-40a0-bf36-d1ca317aead0,Omar Emmons,e95a6d75-8427-4a23-9eea-45b0bdd1fc98,show
a95c83a0-d582-49ae-80f6-5c5734394ad1,John Norrick,3073335c-8e1e-4224-97e2-01e6c569f0b9,show
c723a5bf-8d81-456e-a5bf-d82b30463b82,Rafael Dirickson,e2040242-52a1-42f6-9151-1c57d35a3a2d,show
32a0cf2a-4e27-4e4f-8219-67ae87b8c4f8,Danika Massey,68ebbad3-1ee5-4907-a09a-0504a04930c3,show
713fd6ee-26a6-4e40-8ae5-486001bb80e3,John Norrick,3073335c-8e1e-4224-97e2-01e6c569f0b9,show
768031af-6794-44f3-b993-36f5d12b912e,Francesco White,4521e888-906f-4bab-8e3b-f9363f20efb4,show
a18c27e4-549d-4a56-bf83-3d7da4e6de74,Karen Mata,7dd225b3-7277-49a9-b2ca-1c00b6c74ebe,show
09827237-d408-40f6-8b14-fe3fd0938aef,Christopher Savoie,f38413e3-092a-450e-86ea-a3e86670ce2a,show
3d706ce5-5160-4ad5-867d-851c5f4e5fd1,John Beidleman,b6308ac4-a806-4e10-a80c-b7be69820e97,show
fedf996c-724f-4344-9e00-5bd96c680e94,Stephanie Maggard,328d12c1-bf16-4244-abfb-56aaac6036be,click
fa9db4d1-c459-4a5f-a82c-5d25c5cd0f49,Darwin Chavis,b31ede11-5c86-4ba6-9e81-cf1d02d52ced,show
78a3f2b8-306f-4ace-8aba-6b83bae100aa,Tamara Overton,c5f49627-5b42-4126-a495-0059ebfecfa8,show
945c92c2-ae7e-486e-9486-87769f6b5876,Deborah Isham,361f7340-7971-4b0c-814c-2f0638bf748c,show
327093b4-4cc0-438f-a4a8-e365ef1096d2,John Norrick,3073335c-8e1e-4224-97e2-01e6c569f0b9,show
c4fcf2c1-5e4c-49aa-aa87-e58d76160e25,Ladonna Short,d9063207-d7dc-4d98-bafb-ca0467aa5a11,show
babd1bd8-a5e3-4010-b79b-20ff777d66c8,Marie Silva,024c27d4-b9ec-469a-a068-9b524d6ffa29,show
1e5287b8-4679-41c5-8963-d081c7ef750b,David Sweitzer,88151aae-2daa-4258-b0d9-a97371aa3dc1,show
f600f578-3baa-482a-a073-1f2edd09f0b1,Deborah Isham,361f7340-7971-4b0c-814c-2f0638bf748c,show
af53b066-52ac-4477-8bb0-8d2195e6a338,Karen Mata,7dd225b3-7277-49a9-b2ca-1c00b6c74ebe,show
ffbef428-23fc-441c-8afa-c2542f9c9aa9,Marie Silva,024c27d4-b9ec-469a-a068-9b524d6ffa29,show
8ad404d6-dd21-4bd8-b18e-ba4b912aaef4,John Beidleman,b6308ac4-a806-4e10-a80c-b7be69820e97,show
cd49943d-19a0-4a34-9049-7e1f0022280c,Rafael Dirickson,e2040242-52a1-42f6-9151-1c57d35a3a2d,show
b4703a0b-8f1d-4dcc-adfc-f06c525f0c8d,John Norrick,3073335c-8e1e-4224-97e2-01e6c569f0b9,show
e0742920-b082-43c2-b178-b4a846d6a4a7,Anthony Luvene,1e0f9099-bd34-4797-ba7c-e5d990e7213d,show
49eebe84-53e4-4b46-8845-b8bf165dca1d,Pat Phillips,87207a2c-b207-4c8f-9563-b883e91338f6,show
663c399b-302b-47a8-95ed-0c3362a5fdee,Francesco White,4521e888-906f-4bab-8e3b-f9363f20efb4,show
a808eea8-b91d-4785-9b29-290dc2650de3,Christopher Savoie,f38413e3-092a-450e-86ea-a3e86670ce2a,show
5f786c73-776f-44ae-b4d0-41d8df55f415,James Tran,b222d139-2058-4c0d-8559-1a8adcaa7aa5,show
1e739d03-000d-461e-9d34-e9089d4f30ef,Ladonna Short,d9063207-d7dc-4d98-bafb-ca0467aa5a11,show
e1ba153b-4d38-4e4c-b420-5071870c2f32,Marie Silva,024c27d4-b9ec-469a-a068-9b524d6ffa29,show
aaadbbaf-61df-4ecc-9ba3-49384afb14c1,Stephanie Maggard,328d12c1-bf16-4244-abfb-56aaac6036be,show
2ad1565d-6211-4507-9211-491827fec13a,Patricia Santos,42322a7d-a391-47e6-9ab0-6512cdffdf89,show
6141d4ad-d7e6-4ce2-8f33-dc10e43c9f1e,James Tran,b222d139-2058-4c0d-8559-1a8adcaa7aa5,show
339bb7df-d6f3-45fb-89d3-bd6c57c05fdc,David Sweitzer,88151aae-2daa-4258-b0d9-a97371aa3dc1,show
94448227-be08-48c4-b6b3-d432859c4b0b,David Sweitzer,88151aae-2daa-4258-b0d9-a97371aa3dc1,show
3fdcbf9c-e2b9-441e-ab1b-c7491c6e4dc5,Patricia Santos,42322a7d-a391-47e6-9ab0-6512cdffdf89,show
eab538f5-0ac1-47c6-bf36-a220c05319cb,Daniel Bonifacio,b80cfbcd-8410-40a3-833b-21e831e928e9,show
87c9d565-99da-4110-a367-1117756f5c68,Christopher Savoie,f38413e3-092a-450e-86ea-a3e86670ce2a,show
7f700e1f-36cf-4cf7-9786-553f1758a61a,Danika Massey,68ebbad3-1ee5-4907-a09a-0504a04930c3,show
7de772de-369d-42d6-a7c1-d933c9279aa2,Stephanie Maggard,328d12c1-bf16-4244-abfb-56aaac6036be,show
26f7b55d-d261-419d-8edf-1d8441926cd5,Daniel Bonifacio,b80cfbcd-8410-40a3-833b-21e831e928e9,show
de6a41be-46a6-4486-b4dc-e5b01b45f075,Anthony Luvene,1e0f9099-bd34-4797-ba7c-e5d990e7213d,show
1510443f-7678-4cd8-92fd-be66037a5adc,Danika Massey,68ebbad3-1ee5-4907-a09a-0504a04930c3,show
fa1b6d27-1c34-4bf7-8654-cbe8acee7d09,Omar Emmons,e95a6d75-8427-4a23-9eea-45b0bdd1fc98,show
db559c60-5406-416d-bab7-78d339866df1,Patricia Santos,42322a7d-a391-47e6-9ab0-6512cdffdf89,show
61466e06-10fd-4e95-a007-c86688b51e00,Christopher Savoie,f38413e3-092a-450e-86ea-a3e86670ce2a,show
126b3b78-7382-4289-ae19-4cb82512c26d,Rafael Dirickson,e2040242-52a1-42f6-9151-1c57d35a3a2d,show
31606c09-0b18-456f-86e5-28424d922e18,Deborah Isham,361f7340-7971-4b0c-814c-2f0638bf748c,show
ebf19bdf-b147-48af-a98e-9c9118050aab,Stephanie Maggard,328d12c1-bf16-4244-abfb-56aaac6036be,show
3389b792-860d-4aed-aa09-acc452f5c0b3,Karen Mata,7dd225b3-7277-49a9-b2ca-1c00b6c74ebe,show
1b879fb2-f2d6-4d56-a2cf-b63853c334e2,Karen Mata,7dd225b3-7277-49a9-b2ca-1c00b6c74ebe,show
6e80fa78-f717-4f9a-9e33-2a3513311c37,Rafael Dirickson,e2040242-52a1-42f6-9151-1c57d35a3a2d,show
14ed5a7b-e4c2-4fbc-8ff6-264bb5d26548,James Tran,b222d139-2058-4c0d-8559-1a8adcaa7aa5,show
773f4eb0-f20d-49f5-8e2f-d5b3a8bb375e,Anthony Luvene,1e0f9099-bd34-4797-ba7c-e5d990e7213d,show
49606885-4c4b-42ab-b67d-a75fd1fd5162,Marie Silva,024c27d4-b9ec-469a-a068-9b524d6ffa29,show
822be432-7838-4ef9-8c7c-a5875adc624a,Karen Mata,7dd225b3-7277-49a9-b2ca-1c00b6c74ebe,show
6b9bcab5-5859-4e49-b8d5-92d06e7aeebd,Marie Silva,024c27d4-b9ec-469a-a068-9b524d6ffa29,show
662bb49c-9e22-471b-a233-b50d03b98a2a,John Norrick,3073335c-8e1e-4224-97e2-01e6c569f0b9,show
4e9adb35-7e6b-4302-b418-ffcab895d2ba,James Tran,b222d139-2058-4c0d-8559-1a8adcaa7aa5,show
720d2f78-c2e3-4e36-a9df-7ca3706483c7,Karen Mata,7dd225b3-7277-49a9-b2ca-1c00b6c74ebe,show
4cd4a7b7-b2e3-4e1b-91e6-2d65c6900ec8,Daniel Bonifacio,b80cfbcd-8410-40a3-833b-21e831e928e9,show
63499a0d-b5f7-4974-b90b-b1a49c5777a0,Anthony Luvene,1e0f9099-bd34-4797-ba7c-e5d990e7213d,show
90b8ce1d-3f19-4a5e-8d06-3efa265de9d6,John Norrick,3073335c-8e1e-4224-97e2-01e6c569f0b9,show
e98bdd83-fdfe-43e0-8b6b-ebf22cd840fe,Anthony Luvene,1e0f9099-bd34-4797-ba7c-e5d990e7213d,show
8f7e09e0-46e2-4a7f-88ae-34bb229658e5,Daniel Bonifacio,b80cfbcd-8410-40a3-833b-21e831e928e9,show
281fb288-40fa-493a-9c22-c768efabc1d6,Stephanie Maggard,328d12c1-bf16-4244-abfb-56aaac6036be,show
34bb1f5f-c396-4219-89d2-f3401cf80c3c,Anthony Luvene,1e0f9099-bd34-4797-ba7c-e5d990e7213d,show
5bc7a697-2151-4cd8-9830-5ad261d6483b,Rafael Dirickson,e2040242-52a1-42f6-9151-1c57d35a3a2d,show
9a5a0200-aacd-4279-ae81-55d7652af9fa,Daniel Bonifacio,b80cfbcd-8410-40a3-833b-21e831e928e9,show
a92dc702-1fa6-4f4a-8cb5-1a1d64fce6f9,Darwin Chavis,b31ede11-5c86-4ba6-9e81-cf1d02d52ced,show
505e84cd-f9b8-4197-abea-b1973ebab801,Omar Emmons,e95a6d75-8427-4a23-9eea-45b0bdd1fc98,show
b1d28c33-17c2-4e47-b77d-3aae841c8430,Karen Mata,7dd225b3-7277-49a9-b2ca-1c00b6c74ebe,show
7c00f952-75d4-4415-9ac0-55c5da4105b0,Karen Mata,7dd225b3-7277-49a9-b2ca-1c00b6c74ebe,show
9ab0ca68-2dba-4275-9da8-cbab983bf16f,Rafael Dirickson,e2040242-52a1-42f6-9151-1c57d35a3a2d,show
83ddde76-513e-4825-b85d-b86262b0685c,Deborah Isham,361f7340-7971-4b0c-814c-2f0638bf748c,show
61922585-9311-4eaf-9bb6-983b57a974c5,Anthony Luvene,1e0f9099-bd34-4797-ba7c-e5d990e7213d,show
eb64735c-e5f8-4e10-84df-09bc2fdb53e7,Marie Silva,024c27d4-b9ec-469a-a068-9b524d6ffa29,show
a55058eb-1184-4eb6-bf96-3a6fc13bf4ca,Omar Emmons,e95a6d75-8427-4a23-9eea-45b0bdd1fc98,show
fe97b041-c803-4964-8e3d-95e38fe783c6,Darwin Chavis,b31ede11-5c86-4ba6-9e81-cf1d02d52ced,show
6cfc8ec1-6d3a-49b2-9761-7bfb83d340c1,Patricia Santos,42322a7d-a391-47e6-9ab0-6512cdffdf89,show
3f7bce7b-dc30-430c-999f-5f92d2b688d6,Anthony Luvene,1e0f9099-bd34-4797-ba7c-e5d990e7213d,show
2dfa15a6-5c86-46df-ac35-6fd9e1f05022,John Beidleman,b6308ac4-a806-4e10-a80c-b7be69820e97,show
bf56ff14-b009-479f-9dec-1390adf0c94a,Daniel Bonifacio,b80cfbcd-8410-40a3-833b-21e831e928e9,show
71e4f80c-0145-4995-b340-6eda39d6dca2,Tamara Overton,c5f49627-5b42-4126-a495-0059ebfecfa8,show
e7a993f4-3a32-46b8-b92c-6d1b7433ba7c,Rafael Dirickson,e2040242-52a1-42f6-9151-1c57d35a3a2d,show
d4cb19c9-4fdf-4476-9a42-a74680bbcad1,Pat Phillips,87207a2c-b207-4c8f-9563-b883e91338f6,show
1f88dfb4-cb1c-4cba-be7d-45409e95d647,Christopher Savoie,f38413e3-092a-450e-86ea-a3e86670ce2a,show
c14aea0c-2ad0-4563-a25a-3c1be32aa12c,Francesco White,4521e888-906f-4bab-8e3b-f9363f20efb4,show
20d45f9b-d130-47d1-bc97-fcf6fc19d4f4,Danika Massey,68ebbad3-1ee5-4907-a09a-0504a04930c3,show
e9e14f4d-8561-461a-81c7-033941f2ca29,Patricia Santos,42322a7d-a391-47e6-9ab0-6512cdffdf89,show
34bdd80b-bc24-4d18-ab15-698744351b70,Deborah Isham,361f7340-7971-4b0c-814c-2f0638bf748c,show
b14f8981-3661-46c7-bbda-0b33879ea23d,Ladonna Short,d9063207-d7dc-4d98-bafb-ca0467aa5a11,show
fa1806cd-6afb-466b-8c39-d42dff7e2d4b,Patricia Santos,42322a7d-a391-47e6-9ab0-6512cdffdf89,show
c5125efd-1e23-4083-bca0-f8cee93d4a44,Christopher Savoie,f38413e3-092a-450e-86ea-a3e86670ce2a,show
559b1c57-5525-4c2e-904d-af77a8251d7e,Omar Emmons,e95a6d75-8427-4a23-9eea-45b0bdd1fc98,show
bbca8afe-acac-416f-8ab9-9924516b14c6,Pat Phillips,87207a2c-b207-4c8f-9563-b883e91338f6,show
16c0dd1f-b363-4aae-9611-c86d39571f6e,Christopher Savoie,f38413e3-092a-450e-86ea-a3e86670ce2a,show
790079ab-5945-4c27-b8d4-5877da2a30e3,Karen Mata,7dd225b3-7277-49a9-b2ca-1c00b6c74ebe,show
4f100799-75df-4e83-8779-e00067398e85,Patricia Santos,42322a7d-a391-47e6-9ab0-6512cdffdf89,show
a9953528-d4fd-4ce8-ad57-c857ce4135c7,Darwin Chavis,b31ede11-5c86-4ba6-9e81-cf1d02d52ced,show
e0aa7c2c-d409-4713-8350-1d860c5ee662,Deborah Isham,361f7340-7971-4b0c-814c-2f0638bf748c,show
202031a0-f6d4-4ee2-8ad9-94159cfd2804,Anthony Luvene,1e0f9099-bd34-4797-ba7c-e5d990e7213d,show
ced589eb-0b65-4f9e-b39f-37fcf626fec8,Deborah Isham,361f7340-7971-4b0c-814c-2f0638bf748c,show
e2c39a73-78e6-4250-8a75-22091a2c364a,Marie Silva,024c27d4-b9ec-469a-a068-9b524d6ffa29,show
7afca691-4f5c-4c43-acd2-0fb8ffcc800f,Pat Phillips,87207a2c-b207-4c8f-9563-b883e91338f6,show
9d9d5e27-ed97-4b7d-9f72-64739e4bd1f5,John Beidleman,b6308ac4-a806-4e10-a80c-b7be69820e97,show
18a20736-6d3b-4aac-9dde-35b9862a0885,James Tran,b222d139-2058-4c0d-8559-1a8adcaa7aa5,show
b297e81c-7079-42b1-8861-083ee3a64a3f,Ladonna Short,d9063207-d7dc-4d98-bafb-ca0467aa5a11,show
1d1935dd-ed0b-443c-bcbc-d64cea4e6f4c,Pat Phillips,87207a2c-b207-4c8f-9563-b883e91338f6,show
2cf7b424-e9cd-4950-8bbb-953fedad5d61,David Sweitzer,88151aae-2daa-4258-b0d9-a97371aa3dc1,show
41d4a88e-8da9-4d7f-9ae0-b262d0697af2,Christopher Savoie,f38413e3-092a-450e-86ea-a3e86670ce2a,show
3132b5c2-7362-4b11-a1e1-0cd9b49d15bb,Pat Phillips,87207a2c-b207-4c8f-9563-b883e91338f6,show
331158fd-72e6-421b-9216-b151d1d4d115,Pat Phillips,87207a2c-b207-4c8f-9563-b883e91338f6,show
f09f256e-e990-475f-9b33-3452fafb2786,David Sweitzer,88151aae-2daa-4258-b0d9-a97371aa3dc1,show
736b8eac-5d25-4fcf-b51e-8dfd915ba15d,Patricia Santos,42322a7d-a391-47e6-9ab0-6512cdffdf89,show
b75c54c9-78cb-48aa-9f52-0d9713dede88,John Norrick,3073335c-8e1e-4224-97e2-01e6c569f0b9,show
ea8fca16-6544-438f-8bdc-4fdbf454182b,Stephanie Maggard,328d12c1-bf16-4244-abfb-56aaac6036be,show
9a65795a-a5b1-4bbe-a844-89fe80ab3551,Pat Phillips,87207a2c-b207-4c8f-9563-b883e91338f6,show
660dc97c-fa8a-465d-a499-73b2d12ddfc3,Omar Emmons,e95a6d75-8427-4a23-9eea-45b0bdd1fc98,show
e909a62d-5ad3-458f-8be0-9b30be89fc13,Anthony Luvene,1e0f9099-bd34-4797-ba7c-e5d990e7213d,show
1ac7a735-ec70-45ae-a8d7-9ee7cf11a4aa,Pat Phillips,87207a2c-b207-4c8f-9563-b883e91338f6,show
4eed2c2a-2cc0-4c78-b5ee-e55edfc36ec4,Patricia Santos,42322a7d-a391-47e6-9ab0-6512cdffdf89,show
55379e8c-f371-400f-9a32-a4901c54c59a,Francesco White,4521e888-906f-4bab-8e3b-f9363f20efb4,show
e48039b0-604a-45e8-8639-779eca7b85e3,David Sweitzer,88151aae-2daa-4258-b0d9-a97371aa3dc1,show
847bd440-8843-4dd5-ada3-f224d28d8088,Karen Mata,7dd225b3-7277-49a9-b2ca-1c00b6c74ebe,show
e8c97a9c-dc09-481d-a5d6-6ed0dcb63f45,Karen Mata,7dd225b3-7277-49a9-b2ca-1c00b6c74ebe,show
22173ec7-92ab-4e52-97fb-b2d9abfd10cb,James Tran,b222d139-2058-4c0d-8559-1a8adcaa7aa5,show
f777ebe4-7e26-454d-9cd5-4fb6b6652221,Tamara Overton,c5f49627-5b42-4126-a495-0059ebfecfa8,show
ebad83b1-660d-4c38-b818-11f23a86f4a8,Daniel Bonifacio,b80cfbcd-8410-40a3-833b-21e831e928e9,show
a5510fb5-40b1-4463-b296-1dc61735f845,Pat Phillips,87207a2c-b207-4c8f-9563-b883e91338f6,show
27f92baa-c4ec-4425-af2d-f27eb37a7a11,Daniel Bonifacio,b80cfbcd-8410-40a3-833b-21e831e928e9,show
0acc97c4-8f66-4fe3-ae98-6c38d500f5bc,Danika Massey,68ebbad3-1ee5-4907-a09a-0504a04930c3,show
d435f7a0-283a-4e2f-afe7-29384f952d7f,David Sweitzer,88151aae-2daa-4258-b0d9-a97371aa3dc1,show
930c3dcd-c722-44b4-a85d-ad7e40491c19,Rafael Dirickson,e2040242-52a1-42f6-9151-1c57d35a3a2d,show
f707d207-d908-4433-8db5-597481d73b2b,Anthony Luvene,1e0f9099-bd34-4797-ba7c-e5d990e7213d,show
0dbca895-61cf-4988-ae98-089d8699e5e0,John Norrick,3073335c-8e1e-4224-97e2-01e6c569f0b9,click
1dd56f90-ff3b-4382-ac7f-b68eb87d3c7c,Omar Emmons,e95a6d75-8427-4a23-9eea-45b0bdd1fc98,click
9a4173e9-57fe-4577-b0ab-da8adf3a2db7,Pat Phillips,87207a2c-b207-4c8f-9563-b883e91338f6,show
0c4f7373-1a7f-4029-a6bf-c94a917de475,Tamara Overton,c5f49627-5b42-4126-a495-0059ebfecfa8,show
47a6b425-8483-4c6f-a9b5-92cd098cbace,Marie Silva,024c27d4-b9ec-469a-a068-9b524d6ffa29,show
995e37c0-763a-42cb-bbdc-43b4606c0978,James Tran,b222d139-2058-4c0d-8559-1a8adcaa7aa5,show
658a7373-4594-42e0-8cdc-bd84f0179dd8,Daniel Bonifacio,b80cfbcd-8410-40a3-833b-21e831e928e9,show
a3c1a6f6-d4d7-453c-a9fe-ddbaaca6bb0e,Ladonna Short,d9063207-d7dc-4d98-bafb-ca0467aa5a11,show
34cbb648-ccd9-4cd9-9a7d-2f14d64a4195,Darwin Chavis,b31ede11-5c86-4ba6-9e81-cf1d02d52ced,show
5cd84e1f-6a7f-48f1-a293-fbc8d7edd233,Omar Emmons,e95a6d75-8427-4a23-9eea-45b0bdd1fc98,show
d5a48bf6-8515-4ee9-8ad6-cd50dfed28d7,Anthony Luvene,1e0f9099-bd34-4797-ba7c-e5d990e7213d,show
1cb1679d-a3c6-4619-9d88-37a71970e1c3,Daniel Bonifacio,b80cfbcd-8410-40a3-833b-21e831e928e9,show
94e1beef-5163-4e6a-90c5-96efa19df614,Omar Emmons,e95a6d75-8427-4a23-9eea-45b0bdd1fc98,show
7f79492d-3a4c-4b41-be5b-70a5341a2cfb,John Beidleman,b6308ac4-a806-4e10-a80c-b7be69820e97,show
a6612836-b372-4e3b-802d-5c1e054e4164,Patricia Santos,42322a7d-a391-47e6-9ab0-6512cdffdf89,show
abd86d3a-291e-460b-877d-840856cad461,Marie Silva,024c27d4-b9ec-469a-a068-9b524d6ffa29,show
7133a25a-95c2-472b-8dac-c2bc3edf8a47,Francesco White,4521e888-906f-4bab-8e3b-f9363f20efb4,show
89772fcc-7d84-44a1-af09-cc9761e340e4,John Norrick,3073335c-8e1e-4224-97e2-01e6c569f0b9,show
b8495269-ab2b-4b7c-91a9-7e4760707c5e,Tamara Overton,c5f49627-5b42-4126-a495-0059ebfecfa8,show
3d639bd3-ea4f-4789-a3b2-5e5175a3a447,Danika Massey,68ebbad3-1ee5-4907-a09a-0504a04930c3,show
1021e08e-419e-49ce-8583-e763b8d2cf76,Pat Phillips,87207a2c-b207-4c8f-9563-b883e91338f6,show
4d425f2b-e8fd-4bd3-83e4-6f6f2260cfa2,Anthony Luvene,1e0f9099-bd34-4797-ba7c-e5d990e7213d,show
c8832411-9291-423d-86e8-a062bd49d989,Darwin Chavis,b31ede11-5c86-4ba6-9e81-cf1d02d52ced,show
92271547-1856-46fa-93e4-be9582cdcb0d,Pat Phillips,87207a2c-b207-4c8f-9563-b883e91338f6,show
f2b0b631-6731-4f57-a102-c43192e9abad,Christopher Savoie,f38413e3-092a-450e-86ea-a3e86670ce2a,show
530917a1-9696-410d-b4e0-14f6b4461af3,Daniel Bonifacio,b80cfbcd-8410-40a3-833b-21e831e928e9,show
3965dba3-65b3-4c8f-a690-03ddf3eccaa6,David Sweitzer,88151aae-2daa-4258-b0d9-a97371aa3dc1,show
0137d482-14e1-406e-94f8-b69fb85a074b,Christopher Savoie,f38413e3-092a-450e-86ea-a3e86670ce2a,show
6326ecb9-fcad-4a9c-b4a9-f52990e54456,Danika Massey,68ebbad3-1ee5-4907-a09a-0504a04930c3,show
7288da29-b705-48f7-b4a2-dcd71491610a,Rafael Dirickson,e2040242-52a1-42f6-9151-1c57d35a3a2d,click
4c2fac01-f846-4329-9e42-5ff9c75acb4d,Anthony Luvene,1e0f9099-bd34-4797-ba7c-e5d990e7213d,show
da528a9d-87ec-4645-888b-7d1a8705ff56,David Sweitzer,88151aae-2daa-4258-b0d9-a97371aa3dc1,show
b6a13be5-fbcb-4420-9c0d-c868367f0ff4,Danika Massey,68ebbad3-1ee5-4907-a09a-0504a04930c3,show
81360a08-4c0a-4b9e-b6c1-91535793614c,Tamara Overton,c5f49627-5b42-4126-a495-0059ebfecfa8,show
ec4ddee8-9c8c-4953-a068-c01bea8b1a33,Christopher Savoie,f38413e3-092a-450e-86ea-a3e86670ce2a,show
95cbed0e-3b46-47ee-94a5-a45b463402da,Marie Silva,024c27d4-b9ec-469a-a068-9b524d6ffa29,show
0898d5a9-345c-4372-8de8-030a8fa64029,Tamara Overton,c5f49627-5b42-4126-a495-0059ebfecfa8,show
d2bb146b-e0f5-42a9-be47-b00428a7c6ef,James Tran,b222d139-2058-4c0d-8559-1a8adcaa7aa5,show
faafc13b-2426-486e-bdf5-40105815c3b6,Anthony Luvene,1e0f9099-bd34-4797-ba7c-e5d990e7213d,click
88220e50-5b99-4737-91fb-6e33ab1d5624,Deborah Isham,361f7340-7971-4b0c-814c-2f0638bf748c,show
1435cb27-3fab-4f8f-b334-eb4444577d53,David Sweitzer,88151aae-2daa-4258-b0d9-a97371aa3dc1,click
6d8acfc9-d360-4acc-a13c-a293becda556,James Tran,b222d139-2058-4c0d-8559-1a8adcaa7aa5,show
db202190-c83f-47ff-9b91-dc5e24d085e4,Darwin Chavis,b31ede11-5c86-4ba6-9e81-cf1d02d52ced,show
92198934-8208-441d-b279-823b7a2ab865,David Sweitzer,88151aae-2daa-4258-b0d9-a97371aa3dc1,show
51c62044-37d7-4be9-b550-5affc70a7cbd,Stephanie Maggard,328d12c1-bf16-4244-abfb-56aaac6036be,show
436d3f65-accc-4ee0-a83f-3cb3c1cc6e4e,Ladonna Short,d9063207-d7dc-4d98-bafb-ca0467aa5a11,show
ff38851a-c64a-42ae-88fd-f39219a6c45e,Omar Emmons,e95a6d75-8427-4a23-9eea-45b0bdd1fc98,show
355279e6-a457-4b7c-b04e-25f362f1bd10,Pat Phillips,87207a2c-b207-4c8f-9563-b883e91338f6,show
f09fd8e0-9e4e-4a01-b7a1-446d82aece42,John Beidleman,b6308ac4-a806-4e10-a80c-b7be69820e97,show
03d27a86-5a33-44dc-8311-4971e45593d8,Omar Emmons,e95a6d75-8427-4a23-9eea-45b0bdd1fc98,show
888a2e05-98e1-4cd6-afbc-69e08a9f99ee,Christopher Savoie,f38413e3-092a-450e-86ea-a3e86670ce2a,show
0aa1fcd3-a14d-4cc5-89f7-3274d0567a39,Ladonna Short,d9063207-d7dc-4d98-bafb-ca0467aa5a11,show
5aab2190-a13a-48b3-94b5-d1604342bace,Deborah Isham,361f7340-7971-4b0c-814c-2f0638bf748c,show
a5ac7cc0-4636-4707-a116-1008f8ad0089,Daniel Bonifacio,b80cfbcd-8410-40a3-833b-21e831e928e9,show
523f9e75-1977-44bf-b615-25f775db7849,Christopher Savoie,f38413e3-092a-450e-86ea-a3e86670ce2a,show
b8e00fcb-b3f1-47aa-945d-ff3b59fca4c5,Omar Emmons,e95a6d75-8427-4a23-9eea-45b0bdd1fc98,show
7a7b1c9d-84c1-4300-a15f-acff5f5585f8,Francesco White,4521e888-906f-4bab-8e3b-f9363f20efb4,show
cdbf8b98-2e53-4658-860c-69ab72c5b17b,Tamara Overton,c5f49627-5b42-4126-a495-0059ebfecfa8,show
85d7b9df-f6c7-4f5b-8973-5087f5565fd9,Darwin Chavis,b31ede11-5c86-4ba6-9e81-cf1d02d52ced,click
353c70cb-89e3-42cd-a0fc-f99c247fbd3d,John Beidleman,b6308ac4-a806-4e10-a80c-b7be69820e97,show
ab24b521-256e-49b4-9a9f-84489dd9448f,Daniel Bonifacio,b80cfbcd-8410-40a3-833b-21e831e928e9,show
4e4aab0f-78b2-4220-b97a-3da0f80fa390,Patricia Santos,42322a7d-a391-47e6-9ab0-6512cdffdf89,show
07882077-ef88-4366-8e30-10f84243dcc3,Danika Massey,68ebbad3-1ee5-4907-a09a-0504a04930c3,show
ad1ddbad-66a2-4c21-a7d9-002844d51052,Pat Phillips,87207a2c-b207-4c8f-9563-b883e91338f6,show
d06d92e7-ee45-4d40-990c-49049d297e39,Deborah Isham,361f7340-7971-4b0c-814c-2f0638bf748c,show
c503871d-d28c-42a8-bd6f-b71a17956666,John Norrick,3073335c-8e1e-4224-97e2-01e6c569f0b9,show
58b414d8-4f52-42e4-b5ab-5fc4fe896e7e,Francesco White,4521e888-906f-4bab-8e3b-f9363f20efb4,show
635b526e-f0ca-426f-9d95-b1a27b9a0f62,Stephanie Maggard,328d12c1-bf16-4244-abfb-56aaac6036be,show
63c9b09c-cf82-4d33-8686-da972f48f76d,Rafael Dirickson,e2040242-52a1-42f6-9151-1c57d35a3a2d,show
a407848d-f726-49ea-9887-fce0ea809493,Pat Phillips,87207a2c-b207-4c8f-9563-b883e91338f6,show
67381ca6-f52a-468d-97fa-54eedd89edda,David Sweitzer,88151aae-2daa-4258-b0d9-a97371aa3dc1,show
9b640d0f-ab11-48f1-80ba-a362dc32634a,John Beidleman,b6308ac4-a806-4e10-a80c-b7be69820e97,click
4168aff7-cd17-4ae2-88ce-388819642631,Tamara Overton,c5f49627-5b42-4126-a495-0059ebfecfa8,show
d3010c5e-caec-4c99-8e5d-4b8980ba099b,Daniel Bonifacio,b80cfbcd-8410-40a3-833b-21e831e928e9,click
f3cc22f3-8fc2-4dc0-9dbe-ca7a59b35e87,Pat Phillips,87207a2c-b207-4c8f-9563-b883e91338f6,show
a073e187-8372-4c2c-a669-dd32a97c2a0e,Danika Massey,68ebbad3-1ee5-4907-a09a-0504a04930c3,show
14f7c305-6e7a-48a2-bcf7-66cf62d728f0,Francesco White,4521e888-906f-4bab-8e3b-f9363f20efb4,show
2c25d3b5-7df2-4ffc-a81f-ce04a9ed4fa1,John Beidleman,b6308ac4-a806-4e10-a80c-b7be69820e97,show
511b2b66-29a4-4ffb-8e1f-374b22bc8726,Stephanie Maggard,328d12c1-bf16-4244-abfb-56aaac6036be,show
f2782178-043a-4e51-b473-194e8c8f2b15,Marie Silva,024c27d4-b9ec-469a-a068-9b524d6ffa29,show
e9ca9ea2-1399-4169-ba7e-998115fec7b5,Deborah Isham,361f7340-7971-4b0c-814c-2f0638bf748c,show
94135319-9835-4872-84c1-da3f0c3eddd3,Danika Massey,68ebbad3-1ee5-4907-a09a-0504a04930c3,show
e5581097-f130-4490-8e0b-012a3c701cb8,John Beidleman,b6308ac4-a806-4e10-a80c-b7be69820e97,show
89080b75-6c0f-4efd-b99d-e20d6ee4b88f,Ladonna Short,d9063207-d7dc-4d98-bafb-ca0467aa5a11,show
944229a6-b2b3-4905-9461-ed337a789802,John Norrick,3073335c-8e1e-4224-97e2-01e6c569f0b9,show
5f8cf515-03d4-4b6f-8a25-26b6b57ca35c,Patricia Santos,42322a7d-a391-47e6-9ab0-6512cdffdf89,show
a454b8ff-ab25-454f-89a0-24602fb80015,Darwin Chavis,b31ede11-5c86-4ba6-9e81-cf1d02d52ced,show
a58c89c5-19a7-4015-8edb-8ce741b7fffb,Anthony Luvene,1e0f9099-bd34-4797-ba7c-e5d990e7213d,show
c77dda2a-88ec-4905-8e17-4fef1a10ce45,David Sweitzer,88151aae-2daa-4258-b0d9-a97371aa3dc1,show
db1d0f8f-d842-4a4e-9b32-b23dd6c9d065,Christopher Savoie,f38413e3-092a-450e-86ea-a3e86670ce2a,show
c47586d3-4c79-4412-b61f-c5ad048acd31,John Beidleman,b6308ac4-a806-4e10-a80c-b7be69820e97,show
c4444d33-046a-47fa-80a8-031ee975e0fe,Deborah Isham,361f7340-7971-4b0c-814c-2f0638bf748c,show
01d785df-1c03-4293-a3a8-10bcc7d2f679,Deborah Isham,361f7340-7971-4b0c-814c-2f0638bf748c,show
a62220fe-14fd-46e3-8cb7-c6b618516f5c,James Tran,b222d139-2058-4c0d-8559-1a8adcaa7aa5,show
4ab1cc8e-ec2f-4eaf-bd63-6453ea6539c2,Darwin Chavis,b31ede11-5c86-4ba6-9e81-cf1d02d52ced,show
6100b81e-3aad-42e6-9e96-2fc69f218749,Rafael Dirickson,e2040242-52a1-42f6-9151-1c57d35a3a2d,show
5a60d513-20e4-49d3-87e8-2855a84b1d89,Pat Phillips,87207a2c-b207-4c8f-9563-b883e91338f6,show
87c05ecc-2b7b-4023-96f9-5966a4666b5b,Patricia Santos,42322a7d-a391-47e6-9ab0-6512cdffdf89,show
0b397e02-fb37-4bed-b1d2-faff0f23d689,Daniel Bonifacio,b80cfbcd-8410-40a3-833b-21e831e928e9,show
7ec63bb0-62e8-4b64-807a-1e6e39b12160,Tamara Overton,c5f49627-5b42-4126-a495-0059ebfecfa8,show
cd1adafa-a90f-4c39-ace5-94bbf45a46ff,John Beidleman,b6308ac4-a806-4e10-a80c-b7be69820e97,show
dabcf30a-ca38-4aab-9c9b-1f3d76ff287f,Stephanie Maggard,328d12c1-bf16-4244-abfb-56aaac6036be,show
36e85b26-070e-4f43-ad99-05626323647f,Marie Silva,024c27d4-b9ec-469a-a068-9b524d6ffa29,show
fa6f49a7-64e3-46f7-815b-cc1f0a83bf4e,John Beidleman,b6308ac4-a806-4e10-a80c-b7be69820e97,show
40199179-9a18-4c76-9aa1-9415055f62ab,Omar Emmons,e95a6d75-8427-4a23-9eea-45b0bdd1fc98,show
c9389221-97d6-4e56-939d-cd67444d479a,Ladonna Short,d9063207-d7dc-4d98-bafb-ca0467aa5a11,show
07f9506b-8730-4826-8c03-4aedc8a742de,Tamara Overton,c5f49627-5b42-4126-a495-0059ebfecfa8,show
69a0cb16-1803-47e6-8914-764f84736977,David Sweitzer,88151aae-2daa-4258-b0d9-a97371aa3dc1,show
607e6fdb-356d-4ebd-80b2-b01e0dd11035,David Sweitzer,88151aae-2daa-4258-b0d9-a97371aa3dc1,show
f55263aa-83d4-4a79-93d4-cd394374d20d,David Sweitzer,88151aae-2daa-4258-b0d9-a97371aa3dc1,show
6d7b1fa5-834b-4225-856f-019f104247e6,David Sweitzer,88151aae-2daa-4258-b0d9-a97371aa3dc1,show
5781ea22-be5a-4da1-af90-8c3b5d45e160,Rafael Dirickson,e2040242-52a1-42f6-9151-1c57d35a3a2d,show
51a985de-1a66-49c2-872c-edcfcd9e1bad,Francesco White,4521e888-906f-4bab-8e3b-f9363f20efb4,show
93734e8e-e06d-46e4-97c8-ff42ed126800,Ladonna Short,d9063207-d7dc-4d98-bafb-ca0467aa5a11,show
b567a29b-c4e3-4e63-94a8-13fcb735ce91,Omar Emmons,e95a6d75-8427-4a23-9eea-45b0bdd1fc98,show
836f78b5-634e-4eff-9431-facbecc172ed,Rafael Dirickson,e2040242-52a1-42f6-9151-1c57d35a3a2d,show
3e2fca95-c49e-43a4-b473-3651a1125e99,Francesco White,4521e888-906f-4bab-8e3b-f9363f20efb4,show
83df02c4-ee30-4818-9abc-17a48522dfd2,John Norrick,3073335c-8e1e-4224-97e2-01e6c569f0b9,show
274c49d7-5bd2-4688-83b6-dd6bc810c29f,Marie Silva,024c27d4-b9ec-469a-a068-9b524d6ffa29,show
4ef79af6-1f98-4a58-9fb8-1dd2c5639770,Tamara Overton,c5f49627-5b42-4126-a495-0059ebfecfa8,show
f56e0069-2766-404b-aa33-ef9f9a21fb18,Deborah Isham,361f7340-7971-4b0c-814c-2f0638bf748c,show
1f16bf4d-15f8-4ed9-a440-88ee285305a3,Marie Silva,024c27d4-b9ec-469a-a068-9b524d6ffa29,show
6b44cf17-fc6a-4c63-a5cf-12e584edfb07,Anthony Luvene,1e0f9099-bd34-4797-ba7c-e5d990e7213d,show
c7a65357-2f71-44df-9e5d-49cf7ee7fede,Marie Silva,024c27d4-b9ec-469a-a068-9b524d6ffa29,show
5c1db287-f744-4bca-b537-ed84aecfc399,Francesco White,4521e888-906f-4bab-8e3b-f9363f20efb4,click
42e994b8-0710-4d01-8ca3-6eca85bae48c,John Beidleman,b6308ac4-a806-4e10-a80c-b7be69820e97,show
b9c80b31-42cc-4f3f-95d0-05705a444600,Tamara Overton,c5f49627-5b42-4126-a495-0059ebfecfa8,click
c126ceb8-01dd-4118-9aa7-ec22d31b752a,John Norrick,3073335c-8e1e-4224-97e2-01e6c569f0b9,show
8bd12b19-283b-4dc4-b04a-a462f34f6668,Ladonna Short,d9063207-d7dc-4d98-bafb-ca0467aa5a11,show
1501752a-187c-407c-906d-0d42a3ca9bdd,John Norrick,3073335c-8e1e-4224-97e2-01e6c569f0b9,show
a29be110-2e9f-4d5a-a5a8-4bbd4c4cc9cb,James Tran,b222d139-2058-4c0d-8559-1a8adcaa7aa5,show
46a4702b-35df-4d73-8cfe-2c1cd333dc52,John Beidleman,b6308ac4-a806-4e10-a80c-b7be69820e97,show
e4143824-7ed5-4543-8aa1-6d1dc74fe136,Pat Phillips,87207a2c-b207-4c8f-9563-b883e91338f6,show
b55da1b0-b1db-4c1f-a2f5-4268d2d95684,David Sweitzer,88151aae-2daa-4258-b0d9-a97371aa3dc1,show
22a65d07-5e6d-4adf-ab27-95537ff819c8,Marie Silva,024c27d4-b9ec-469a-a068-9b524d6ffa29,show
6cfad7f5-146d-4dba-baf2-1d8b45e36ec3,Karen Mata,7dd225b3-7277-49a9-b2ca-1c00b6c74ebe,show
659998bd-de8b-40da-a9ce-5425b692628c,Pat Phillips,87207a2c-b207-4c8f-9563-b883e91338f6,show
ff16b6ee-2282-4643-81ad-69cf41fd6b46,Danika Massey,68ebbad3-1ee5-4907-a09a-0504a04930c3,show
7dd9f6d3-e8bf-4afc-bec6-5385e8f21f9a,Marie Silva,024c27d4-b9ec-469a-a068-9b524d6ffa29,show
a0e31719-1332-4780-9c99-64a05b9fdf74,John Norrick,3073335c-8e1e-4224-97e2-01e6c569f0b9,show
e3941b52-a017-4c3e-a97e-aefaac75990c,Deborah Isham,361f7340-7971-4b0c-814c-2f0638bf748c,show
cb7bf6fc-17a2-4206-a0a5-007208f456a5,Danika Massey,68ebbad3-1ee5-4907-a09a-0504a04930c3,show
94a823c2-321c-4e5f-885f-036c3f2299ae,Stephanie Maggard,328d12c1-bf16-4244-abfb-56aaac6036be,show
acad80e6-f7a3-43fb-b922-deea98121548,Daniel Bonifacio,b80cfbcd-8410-40a3-833b-21e831e928e9,show
5366e33d-f085-47f5-9a4b-300259f073c2,Danika Massey,68ebbad3-1ee5-4907-a09a-0504a04930c3,show
dd10bc19-19f6-4ac7-9012-5f5e1d2556d9,Rafael Dirickson,e2040242-52a1-42f6-9151-1c57d35a3a2d,show
a0042b3d-7be2-4457-b22d-2fcadeb9637e,Pat Phillips,87207a2c-b207-4c8f-9563-b883e91338f6,show
36548c0b-b758-4234-94e5-d0f9ce628d97,Marie Silva,024c27d4-b9ec-469a-a068-9b524d6ffa29,show
152f2c99-8d4d-424b-9cc5-fd6cf4accd46,Deborah Isham,361f7340-7971-4b0c-814c-2f0638bf748c,show
2de1c8f9-82f2-4364-b1a1-2df942610990,Christopher Savoie,f38413e3-092a-450e-86ea-a3e86670ce2a,show
6e33869f-8d77-4c51-a234-acc42464f05e,Karen Mata,7dd225b3-7277-49a9-b2ca-1c00b6c74ebe,show
8dd8c132-59bf-4d82-b69e-64479f18bd7f,Marie Silva,024c27d4-b9ec-469a-a068-9b524d6ffa29,show
d973b1e8-03ec-4620-be24-2b0ffd8f1b0d,Karen Mata,7dd225b3-7277-49a9-b2ca-1c00b6c74ebe,show
7f544a6d-8e44-4414-b925-c0dd129c7372,Ladonna Short,d9063207-d7dc-4d98-bafb-ca0467aa5a11,show
cec9370e-c2ae-4ebb-9cdd-7f78e1557b55,Francesco White,4521e888-906f-4bab-8e3b-f9363f20efb4,show
4e79c894-7081-4e73-8794-5d9a3f9f3a53,Tamara Overton,c5f49627-5b42-4126-a495-0059ebfecfa8,show
c320ddee-7d28-43ef-9e01-1daff4ddbfdd,Ladonna Short,d9063207-d7dc-4d98-bafb-ca0467aa5a11,show
29976e02-6d1c-48c4-a1ba-9d7a9116e511,John Beidleman,b6308ac4-a806-4e10-a80c-b7be69820e97,show
5d7f3107-3b74-4ceb-a6a7-e21db1266d83,James Tran,b222d139-2058-4c0d-8559-1a8adcaa7aa5,show
d7f992f3-6d99-495f-8726-da8aaffa20f3,Rafael Dirickson,e2040242-52a1-42f6-9151-1c57d35a3a2d,show
f8f53411-c306-4b58-9fb2-1462a69d86ee,Marie Silva,024c27d4-b9ec-469a-a068-9b524d6ffa29,click
0ef7e88e-baa2-47e8-97ca-f4a2667dd706,Pat Phillips,87207a2c-b207-4c8f-9563-b883e91338f6,show
f417b025-638f-4f65-b68a-d970bc66b275,Pat Phillips,87207a2c-b207-4c8f-9563-b883e91338f6,show
d37ff724-31bb-4a95-8647-9e2ce5b8a8dd,Francesco White,4521e888-906f-4bab-8e3b-f9363f20efb4,show
2cc5e778-eb89-439c-90f2-35674c64e50c,Ladonna Short,d9063207-d7dc-4d98-bafb-ca0467aa5a11,show
0a6d7e0f-525b-4791-9637-dd437df302ab,Francesco White,4521e888-906f-4bab-8e3b-f9363f20efb4,show
ff00beb9-8c9f-40ca-887f-be65242f8cec,Karen Mata,7dd225b3-7277-49a9-b2ca-1c00b6c74ebe,show
c5110f2f-eeca-4132-be0a-cf2976fd7987,Stephanie Maggard,328d12c1-bf16-4244-abfb-56aaac6036be,show
c8d9c61e-86f7-4549-8d46-8bd84f4351b1,Pat Phillips,87207a2c-b207-4c8f-9563-b883e91338f6,show
b5d1efb0-248a-4132-9fc6-47774762f170,Christopher Savoie,f38413e3-092a-450e-86ea-a3e86670ce2a,show
94a0a494-792a-4e98-af46-aa233d158083,Pat Phillips,87207a2c-b207-4c8f-9563-b883e91338f6,show
41ae2368-a61c-4549-a64d-997f948fd398,James Tran,b222d139-2058-4c0d-8559-1a8adcaa7aa5,show
80767c5a-2d0c-4e8e-bf98-fbc792cb37e5,Danika Massey,68ebbad3-1ee5-4907-a09a-0504a04930c3,show
03a81d64-3e35-4fb7-83d4-4d6c34884f33,Daniel Bonifacio,b80cfbcd-8410-40a3-833b-21e831e928e9,show
43282147-7f7c-4f6e-972a-07fff3f97f02,Anthony Luvene,1e0f9099-bd34-4797-ba7c-e5d990e7213d,show
a850dbd8-b45f-49a8-b3ae-765e413e4545,Pat Phillips,87207a2c-b207-4c8f-9563-b883e91338f6,show
0d236bd5-830b-412e-affb-79bc18086854,Darwin Chavis,b31ede11-5c86-4ba6-9e81-cf1d02d52ced,show
55a8b625-4279-48e1-80d3-4eaaf15477d0,Patricia Santos,42322a7d-a391-47e6-9ab0-6512cdffdf89,show
4dbc68c9-f418-4aa4-a78a-ed043260c4f5,Daniel Bonifacio,b80cfbcd-8410-40a3-833b-21e831e928e9,show
8a448dc7-aad8-4cee-8db3-102628f5cdfb,Rafael Dirickson,e2040242-52a1-42f6-9151-1c57d35a3a2d,show
cf45bde6-2b79-4ef6-abe1-5106df0ad971,Karen Mata,7dd225b3-7277-49a9-b2ca-1c00b6c74ebe,show
1743f136-5619-4063-8ffb-f7f4759b497c,Patricia Santos,42322a7d-a391-47e6-9ab0-6512cdffdf89,show
9ba54a9e-4600-4919-9a08-429f97f90ed5,Rafael Dirickson,e2040242-52a1-42f6-9151-1c57d35a3a2d,show
dbc60d60-270f-4f19-afb4-46642ce28499,Marie Silva,024c27d4-b9ec-469a-a068-9b524d6ffa29,show
65784ea6-8230-4224-937f-d3cc3235791b,Darwin Chavis,b31ede11-5c86-4ba6-9e81-cf1d02d52ced,show
56f66ff4-76f5-4bc0-9240-805f029d4772,Marie Silva,024c27d4-b9ec-469a-a068-9b524d6ffa29,show
a3462608-f6dc-4aa0-a846-42fb487b313a,Pat Phillips,87207a2c-b207-4c8f-9563-b883e91338f6,show
1d3833e7-c831-4145-aa0d-08bda47af1cb,Deborah Isham,361f7340-7971-4b0c-814c-2f0638bf748c,show
20b9ec8a-785c-4a6d-a3ac-7365cf067020,Ladonna Short,d9063207-d7dc-4d98-bafb-ca0467aa5a11,show
1b05e286-cdca-4ad6-bea6-e057e162441e,John Beidleman,b6308ac4-a806-4e10-a80c-b7be69820e97,show
60903c24-b46b-462f-beb9-ddacea052df8,David Sweitzer,88151aae-2daa-4258-b0d9-a97371aa3dc1,show
c418423a-d947-4907-b551-abf720c7b4aa,Stephanie Maggard,328d12c1-bf16-4244-abfb-56aaac6036be,show
04edd644-b5b2-4716-ba8f-6cca62813297,Rafael Dirickson,e2040242-52a1-42f6-9151-1c57d35a3a2d,show
a642a4ed-bf8b-484c-adef-244e6baf71d3,Deborah Isham,361f7340-7971-4b0c-814c-2f0638bf748c,show
44c76fef-53ee-4508-a79e-a36f7acb0856,James Tran,b222d139-2058-4c0d-8559-1a8adcaa7aa5,show
a41e3192-0d06-403c-8b6a-4d403ce9cccb,Anthony Luvene,1e0f9099-bd34-4797-ba7c-e5d990e7213d,show
32617839-e6a2-435a-8484-5c97bdc49ce1,Daniel Bonifacio,b80cfbcd-8410-40a3-833b-21e831e928e9,show
059a4890-de73-4e10-89ab-8748396c0b20,Anthony Luvene,1e0f9099-bd34-4797-ba7c-e5d990e7213d,show
f3fc9efa-9028-4db8-9ec1-cfde00825615,John Norrick,3073335c-8e1e-4224-97e2-01e6c569f0b9,show
1af99671-4d7d-4090-9be5-4b618c91cefe,Daniel Bonifacio,b80cfbcd-8410-40a3-833b-21e831e928e9,show
c85fd3b5-609d-46e2-8bfb-5f6e8a6bf6a0,Rafael Dirickson,e2040242-52a1-42f6-9151-1c57d35a3a2d,show
834412a9-59b3-4fc9-b9a5-9fd17a9fb4b9,Karen Mata,7dd225b3-7277-49a9-b2ca-1c00b6c74ebe,show
cb0d9bc2-1545-4da2-afce-119e39a4f18b,Pat Phillips,87207a2c-b207-4c8f-9563-b883e91338f6,show
68885ef8-bb30-44c6-9dec-5c4ab75c3848,Francesco White,4521e888-906f-4bab-8e3b-f9363f20efb4,click
0b1daba8-9823-446a-9594-9e4f5863e462,Marie Silva,024c27d4-b9ec-469a-a068-9b524d6ffa29,show
e8b2c083-7ae7-4b8f-9dc5-4411111cba4f,Rafael Dirickson,e2040242-52a1-42f6-9151-1c57d35a3a2d,show
72aeb84e-d694-4704-afa9-9952aa9397f0,John Beidleman,b6308ac4-a806-4e10-a80c-b7be69820e97,show
e8b6fc4e-a4d8-4ecc-9283-18ba34e99cfa,Christopher Savoie,f38413e3-092a-450e-86ea-a3e86670ce2a,show
296398b9-8e56-4219-a9c9-844241547515,John Beidleman,b6308ac4-a806-4e10-a80c-b7be69820e97,show
0e7ea9df-aab5-4d43-aa29-462168af406d,Christopher Savoie,f38413e3-092a-450e-86ea-a3e86670ce2a,show
a7115cea-88b3-4c42-89f1-c1eea55b8eaa,Patricia Santos,42322a7d-a391-47e6-9ab0-6512cdffdf89,show
a4bc545c-1229-443c-bbea-4f774626c445,Christopher Savoie,f38413e3-092a-450e-86ea-a3e86670ce2a,click
72d82473-6c8c-49c6-a4d9-5fecf8cee246,Francesco White,4521e888-906f-4bab-8e3b-f9363f20efb4,click
a416fea1-352d-4b7b-8567-7b33714cb6fc,David Sweitzer,88151aae-2daa-4258-b0d9-a97371aa3dc1,click
d241a984-f54a-4395-b8c0-38672c3187c5,Deborah Isham,361f7340-7971-4b0c-814c-2f0638bf748c,show
39160ed8-d993-41ba-aebb-63aa242ee9b3,Danika Massey,68ebbad3-1ee5-4907-a09a-0504a04930c3,click
d4ee35f5-9156-4c1f-96af-0f21aa843808,James Tran,b222d139-2058-4c0d-8559-1a8adcaa7aa5,show
320e3681-00ec-4f05-a885-3f9510f3d139,Pat Phillips,87207a2c-b207-4c8f-9563-b883e91338f6,show
6f575b9d-c8b0-4ed0-a9f2-8305128d4fd6,Patricia Santos,42322a7d-a391-47e6-9ab0-6512cdffdf89,click
76a30720-642e-48fa-a5aa-75ef4e7a4d00,John Beidleman,b6308ac4-a806-4e10-a80c-b7be69820e97,show
9802f42e-a69f-4527-9d57-d95e4698592d,Ladonna Short,d9063207-d7dc-4d98-bafb-ca0467aa5a11,show
edd0138c-a3d2-46db-a984-91399b64a853,Darwin Chavis,b31ede11-5c86-4ba6-9e81-cf1d02d52ced,show
916711f2-1d25-498b-a2f5-f1e45c03620a,Francesco White,4521e888-906f-4bab-8e3b-f9363f20efb4,show
d57912cf-e3c1-40ad-b410-aed012bf4ea0,Danika Massey,68ebbad3-1ee5-4907-a09a-0504a04930c3,show
cb210e9c-888b-4a18-a900-35a603ab047b,Karen Mata,7dd225b3-7277-49a9-b2ca-1c00b6c74ebe,show
45d03b1c-c2a8-4752-ab36-2fbf9af894d0,John Norrick,3073335c-8e1e-4224-97e2-01e6c569f0b9,show
e66f3cf6-8fe9-496e-a0b4-29632f3caec8,Anthony Luvene,1e0f9099-bd34-4797-ba7c-e5d990e7213d,click
67a4a5a2-ac29-464f-ba35-1aa9a66329db,Patricia Santos,42322a7d-a391-47e6-9ab0-6512cdffdf89,show
b9068d25-c9c6-4741-884b-69756d2409d5,Tamara Overton,c5f49627-5b42-4126-a495-0059ebfecfa8,show
f2d9f25e-f779-4afe-806a-325c4314b8d7,Karen Mata,7dd225b3-7277-49a9-b2ca-1c00b6c74ebe,show
44b0d2d1-79e4-4121-b7fb-103d095d6749,Ladonna Short,d9063207-d7dc-4d98-bafb-ca0467aa5a11,show
381fec44-3240-4ca2-bac4-e6444bd71e3d,Ladonna Short,d9063207-d7dc-4d98-bafb-ca0467aa5a11,show
2740fce5-85d5-44ec-9b97-f35560951f0b,Christopher Savoie,f38413e3-092a-450e-86ea-a3e86670ce2a,show
a781b5ea-8fac-40b6-8e88-a9b5a23d23ba,Marie Silva,024c27d4-b9ec-469a-a068-9b524d6ffa29,show
96834817-9e87-4d85-9e54-6eb5213e421f,Deborah Isham,361f7340-7971-4b0c-814c-2f0638bf748c,show
fb7824c8-2ea8-4782-8fa0-6a8c65d13cd4,Darwin Chavis,b31ede11-5c86-4ba6-9e81-cf1d02d52ced,show
e42948ec-ed17-42b7-adbe-18b0e6346faf,David Sweitzer,88151aae-2daa-4258-b0d9-a97371aa3dc1,show
62ed1205-b4a3-45d7-be53-687ed99b3e5d,Danika Massey,68ebbad3-1ee5-4907-a09a-0504a04930c3,show
0214e869-e663-4245-9218-e4c424794854,Francesco White,4521e888-906f-4bab-8e3b-f9363f20efb4,show
95305cc0-18e8-4ae6-a68b-c17303c0635a,Stephanie Maggard,328d12c1-bf16-4244-abfb-56aaac6036be,show
0990d0be-fcca-4b9d-9b73-e270b89eb579,Francesco White,4521e888-906f-4bab-8e3b-f9363f20efb4,show
66bb3f01-d912-4cba-a705-cdc7e9889819,Danika Massey,68ebbad3-1ee5-4907-a09a-0504a04930c3,show
fdb1fb12-566f-4571-b846-f19274a2cfe6,Patricia Santos,42322a7d-a391-47e6-9ab0-6512cdffdf89,show
266e3af1-b178-445c-8858-9b788283f9b5,Christopher Savoie,f38413e3-092a-450e-86ea-a3e86670ce2a,show
62ca0baf-f882-4e76-a2b7-1bc66e023423,Anthony Luvene,1e0f9099-bd34-4797-ba7c-e5d990e7213d,show
16bd3453-27ec-4ff9-a7a0-4d9d22c46177,Christopher Savoie,f38413e3-092a-450e-86ea-a3e86670ce2a,show
662e1622-5261-4368-97bd-0cd4020e86ed,Darwin Chavis,b31ede11-5c86-4ba6-9e81-cf1d02d52ced,show
86a3c2c1-0a50-4118-bf85-83d70e3d65b6,David Sweitzer,88151aae-2daa-4258-b0d9-a97371aa3dc1,show
97b6b0e3-ca42-4b27-8a2b-faff9f51591d,Darwin Chavis,b31ede11-5c86-4ba6-9e81-cf1d02d52ced,show
aae01cf1-dfaf-47ad-8442-04bae74007ca,Stephanie Maggard,328d12c1-bf16-4244-abfb-56aaac6036be,show
5f946085-3866-414e-ae34-d899d88df9f7,Danika Massey,68ebbad3-1ee5-4907-a09a-0504a04930c3,show
6edf3a92-9de7-4b9b-a203-09b48ca04beb,Anthony Luvene,1e0f9099-bd34-4797-ba7c-e5d990e7213d,show
a3edac8e-3f37-47ab-ade5-4f001c8aea60,Deborah Isham,361f7340-7971-4b0c-814c-2f0638bf748c,show
549328e4-8626-40da-a310-4f043ce668e0,Francesco White,4521e888-906f-4bab-8e3b-f9363f20efb4,show
6170f31f-556a-4785-b481-e38fcd9e4491,Daniel Bonifacio,b80cfbcd-8410-40a3-833b-21e831e928e9,show
35daea93-f702-4f43-b623-be0750459e0d,Karen Mata,7dd225b3-7277-49a9-b2ca-1c00b6c74ebe,click
ad2155bb-c540-41b8-b025-546cde954801,James Tran,b222d139-2058-4c0d-8559-1a8adcaa7aa5,show
e924b935-75cd-459e-92f3-ec0046fc2fba,Ladonna Short,d9063207-d7dc-4d98-bafb-ca0467aa5a11,show
28448756-867a-4e14-ad1e-0ceef8b5e285,Darwin Chavis,b31ede11-5c86-4ba6-9e81-cf1d02d52ced,show
34691a18-8ad0-434a-83f7-41abadfa4e8b,Christopher Savoie,f38413e3-092a-450e-86ea-a3e86670ce2a,show
93d35fb8-9111-4685-99aa-3cd11545807e,David Sweitzer,88151aae-2daa-4258-b0d9-a97371aa3dc1,show
0950977a-175d-4351-824f-89848b33a75a,Karen Mata,7dd225b3-7277-49a9-b2ca-1c00b6c74ebe,click
5d51ce87-9001-43f9-b28d-4da870e0062f,Deborah Isham,361f7340-7971-4b0c-814c-2f0638bf748c,show
a64fefd3-9286-44ce-8790-586a1cdad3a2,John Beidleman,b6308ac4-a806-4e10-a80c-b7be69820e97,show
614a00ee-9737-4ab2-ba1d-813c89b6e9ef,John Norrick,3073335c-8e1e-4224-97e2-01e6c569f0b9,show
23e217f4-c7f0-44b8-ad30-94369c1ae053,Karen Mata,7dd225b3-7277-49a9-b2ca-1c00b6c74ebe,show
f37c9693-15ca-49e1-9674-9731221d8abb,Darwin Chavis,b31ede11-5c86-4ba6-9e81-cf1d02d52ced,show
03d5d31c-f751-4b8b-a6f9-f3c1bcb198a0,Omar Emmons,e95a6d75-8427-4a23-9eea-45b0bdd1fc98,show
0dd39c3e-7742-4468-a2f8-32c96d9bf242,Omar Emmons,e95a6d75-8427-4a23-9eea-45b0bdd1fc98,click
20bdb3c2-446a-4165-868e-5bd6b833d8d4,Omar Emmons,e95a6d75-8427-4a23-9eea-45b0bdd1fc98,show
cb867afc-f79f-47f4-8418-1fe56a7d5718,Omar Emmons,e95a6d75-8427-4a23-9eea-45b0bdd1fc98,show
00f3b52e-e055-4b0e-a87d-71e1ed5ec99b,James Tran,b222d139-2058-4c0d-8559-1a8adcaa7aa5,show
6e0e7506-cffc-43fd-8ad5-d9d35d67e6ac,James Tran,b222d139-2058-4c0d-8559-1a8adcaa7aa5,show
81d090fc-24e8-45e7-b3dc-d2df59cc99bd,Ladonna Short,d9063207-d7dc-4d98-bafb-ca0467aa5a11,show
bda0c83b-2163-4135-80d7-1bae55c2c9b7,Daniel Bonifacio,b80cfbcd-8410-40a3-833b-21e831e928e9,show
ea219b0b-8fdc-49fc-b914-e1a0aa6fd430,Rafael Dirickson,e2040242-52a1-42f6-9151-1c57d35a3a2d,show
84502a27-42e3-4c2e-ae53-1f24ac179e9d,Tamara Overton,c5f49627-5b42-4126-a495-0059ebfecfa8,show
6166dc55-f88d-4979-b7e0-681180b08015,Ladonna Short,d9063207-d7dc-4d98-bafb-ca0467aa5a11,show
717a53f9-ec77-46c2-ae74-ae44e23cb1a3,David Sweitzer,88151aae-2daa-4258-b0d9-a97371aa3dc1,show
9c7ffd37-e4fd-465f-9416-b246b1cf8fef,Deborah Isham,361f7340-7971-4b0c-814c-2f0638bf748c,show
32884230-c69f-4ac5-b86b-b9bc27e9575c,Ladonna Short,d9063207-d7dc-4d98-bafb-ca0467aa5a11,show
b2df8589-3363-4504-9b39-af2e67b15cfe,Deborah Isham,361f7340-7971-4b0c-814c-2f0638bf748c,click
bb91c74f-981c-4b92-8a52-2b2fc070b046,John Beidleman,b6308ac4-a806-4e10-a80c-b7be69820e97,show
9fc029a2-2e47-45d5-9574-db361444068b,John Beidleman,b6308ac4-a806-4e10-a80c-b7be69820e97,show
e11fab21-aa15-47f7-ba07-ce81acdb1f00,John Norrick,3073335c-8e1e-4224-97e2-01e6c569f0b9,show
2a4f0b39-0f20-4e4f-b4ba-3bb646a7d8d8,Deborah Isham,361f7340-7971-4b0c-814c-2f0638bf748c,show
423119a3-1c45-437c-8e09-8dc667ea0db2,Danika Massey,68ebbad3-1ee5-4907-a09a-0504a04930c3,show
303b7c5d-995b-48df-b680-c3852aae19fb,Karen Mata,7dd225b3-7277-49a9-b2ca-1c00b6c74ebe,show
395ace6b-9c64-479c-9df9-983095229ee1,Christopher Savoie,f38413e3-092a-450e-86ea-a3e86670ce2a,show
c03673f9-f8cf-46d0-8f4b-144cd0399ea7,Christopher Savoie,f38413e3-092a-450e-86ea-a3e86670ce2a,show
76b4114c-5998-4b29-b0dd-c386aa10b9a7,Omar Emmons,e95a6d75-8427-4a23-9eea-45b0bdd1fc98,show
ce75b772-3c37-4ac9-b939-998d36276cf2,Ladonna Short,d9063207-d7dc-4d98-bafb-ca0467aa5a11,show
49877ffe-2858-453d-ba60-c3347fc0f6c7,Daniel Bonifacio,b80cfbcd-8410-40a3-833b-21e831e928e9,show
25ce5c72-c253-452f-8823-ce70d5f6b5f6,Stephanie Maggard,328d12c1-bf16-4244-abfb-56aaac6036be,show
fab53f6c-1368-4138-98c0-f697ac7f17b3,Omar Emmons,e95a6d75-8427-4a23-9eea-45b0bdd1fc98,show
80260fdd-6cc2-4c41-b0fc-6ec8496cb354,James Tran,b222d139-2058-4c0d-8559-1a8adcaa7aa5,show
ea36825f-d060-4934-bc8b-f1662122b424,David Sweitzer,88151aae-2daa-4258-b0d9-a97371aa3dc1,show
f468bbda-e468-4403-a94e-123035a9e372,Danika Massey,68ebbad3-1ee5-4907-a09a-0504a04930c3,show
64b9f92f-d39b-4a7d-a8fb-d9f1ea2efe32,James Tran,b222d139-2058-4c0d-8559-1a8adcaa7aa5,show
91e90c32-a6b6-4893-bd27-06cb6766c6b3,Pat Phillips,87207a2c-b207-4c8f-9563-b883e91338f6,show
df2ad0ab-c362-4dd2-996c-868f46db4205,David Sweitzer,88151aae-2daa-4258-b0d9-a97371aa3dc1,show
c30a30f9-e81f-4046-b553-8f65169e9f05,Pat Phillips,87207a2c-b207-4c8f-9563-b883e91338f6,show
d20a71c5-c60d-4fac-9dcf-b595202e888a,Daniel Bonifacio,b80cfbcd-8410-40a3-833b-21e831e928e9,show
f4978a56-3baa-4f65-80ee-b2900cca2337,Rafael Dirickson,e2040242-52a1-42f6-9151-1c57d35a3a2d,show
9e1b97fc-2e53-40d9-a2da-1d861fc12e6b,Pat Phillips,87207a2c-b207-4c8f-9563-b883e91338f6,show
61511126-220e-4438-ba98-f511808c3466,Anthony Luvene,1e0f9099-bd34-4797-ba7c-e5d990e7213d,show
8106cd63-8c36-4e7c-8a61-d8b3b4977f5b,Stephanie Maggard,328d12c1-bf16-4244-abfb-56aaac6036be,show
259b0d24-553e-4e8c-898a-c49c14810fd6,Omar Emmons,e95a6d75-8427-4a23-9eea-45b0bdd1fc98,show
af4b025c-4044-4e6c-9dea-599b42f35b15,Francesco White,4521e888-906f-4bab-8e3b-f9363f20efb4,show
b4c5c676-182e-4b2e-8036-148ebdb8b97d,Patricia Santos,42322a7d-a391-47e6-9ab0-6512cdffdf89,show
fa155ad6-3360-4298-a8fc-cdd31e9f21dd,John Norrick,3073335c-8e1e-4224-97e2-01e6c569f0b9,show
02e2e48a-25a2-42a8-a94f-309d15be1d00,James Tran,b222d139-2058-4c0d-8559-1a8adcaa7aa5,show
1761efaa-e791-47b9-912f-b6425764d2a3,Danika Massey,68ebbad3-1ee5-4907-a09a-0504a04930c3,show
98916f6e-7fb7-4098-a271-f285933731f9,Francesco White,4521e888-906f-4bab-8e3b-f9363f20efb4,show
af99ec94-9290-466c-8615-4ba4c38ab23a,John Norrick,3073335c-8e1e-4224-97e2-01e6c569f0b9,show
425cc910-264f-413e-972e-d859ec19082d,David Sweitzer,88151aae-2daa-4258-b0d9-a97371aa3dc1,show
0537bd82-d1a0-43c5-bdcf-11560ee2ee93,Tamara Overton,c5f49627-5b42-4126-a495-0059ebfecfa8,show
196fc899-f9b6-4e0e-b95e-21f17ddbb8f3,John Norrick,3073335c-8e1e-4224-97e2-01e6c569f0b9,show
ac6b625e-fbaf-4d39-84a3-b6374f409074,Anthony Luvene,1e0f9099-bd34-4797-ba7c-e5d990e7213d,show
8aca1ad7-621b-426e-8806-43690aeabad7,Christopher Savoie,f38413e3-092a-450e-86ea-a3e86670ce2a,show
061b34a6-739c-42ca-81e0-fab981186bd2,Tamara Overton,c5f49627-5b42-4126-a495-0059ebfecfa8,show
188f9252-a1fd-48fa-b08d-0f62f5ec5bde,Tamara Overton,c5f49627-5b42-4126-a495-0059ebfecfa8,show
6346f726-7efb-4d06-b306-bedd298bea6b,Francesco White,4521e888-906f-4bab-8e3b-f9363f20efb4,show
4979b2ce-29fc-4481-90de-28210bd89271,Danika Massey,68ebbad3-1ee5-4907-a09a-0504a04930c3,show
88f6e9a1-6d0f-440f-80d7-5c2173fa32e6,Darwin Chavis,b31ede11-5c86-4ba6-9e81-cf1d02d52ced,show
421ca698-a887-4629-86c2-3652ae66a126,Patricia Santos,42322a7d-a391-47e6-9ab0-6512cdffdf89,show
1f8df69b-912c-47ca-912d-6329332d2947,Christopher Savoie,f38413e3-092a-450e-86ea-a3e86670ce2a,show
bb5c8c5c-72ce-42dd-b582-78fc715348f2,Ladonna Short,d9063207-d7dc-4d98-bafb-ca0467aa5a11,show
63c9a41c-525d-4ac7-aa8d-fe4dda415188,James Tran,b222d139-2058-4c0d-8559-1a8adcaa7aa5,click
b12af0a1-e45b-46fb-986b-b2688acfa9c5,Stephanie Maggard,328d12c1-bf16-4244-abfb-56aaac6036be,show
d780a3af-c451-46cd-a7bb-660b8d6ba628,Karen Mata,7dd225b3-7277-49a9-b2ca-1c00b6c74ebe,show
440b0994-de32-4caf-bf41-c1dd7bb72be2,Deborah Isham,361f7340-7971-4b0c-814c-2f0638bf748c,click
6da99127-73ae-4270-a52c-07b3857a9990,Christopher Savoie,f38413e3-092a-450e-86ea-a3e86670ce2a,show
fcc64bd1-2e98-4c6f-a110-365e409283c0,Stephanie Maggard,328d12c1-bf16-4244-abfb-56aaac6036be,show
f8ea134f-f293-4bc6-99ac-31dcd05f1360,Darwin Chavis,b31ede11-5c86-4ba6-9e81-cf1d02d52ced,show
e3d3cdb5-f1ee-4890-8da3-b5eb289137af,Karen Mata,7dd225b3-7277-49a9-b2ca-1c00b6c74ebe,show
4555d24f-48f2-4247-8e92-073a473e8038,Darwin Chavis,b31ede11-5c86-4ba6-9e81-cf1d02d52ced,click
2a1baf45-d0bb-42c4-b508-fa6e2877e29e,John Beidleman,b6308ac4-a806-4e10-a80c-b7be69820e97,show
f913d2e9-1925-435c-8f2f-bf537f21e1e1,Darwin Chavis,b31ede11-5c86-4ba6-9e81-cf1d02d52ced,show
a42a0e3e-5f92-4d97-aa85-82fe028286af,John Norrick,3073335c-8e1e-4224-97e2-01e6c569f0b9,show
412e538f-9f47-4ce4-8eb7-ce18fb3992bc,Karen Mata,7dd225b3-7277-49a9-b2ca-1c00b6c74ebe,show
84ca3305-7513-442d-995b-1127df244e8f,Ladonna Short,d9063207-d7dc-4d98-bafb-ca0467aa5a11,show
4bc1631b-73dc-41da-a807-f9ec61d2d138,Pat Phillips,87207a2c-b207-4c8f-9563-b883e91338f6,show
a63f3ad6-2df4-4d7a-a80d-36edf45ef58e,Deborah Isham,361f7340-7971-4b0c-814c-2f0638bf748c,show
a63bb56e-234d-41b8-ac9d-29618a9ffeb4,Rafael Dirickson,e2040242-52a1-42f6-9151-1c57d35a3a2d,show
a93fb9b0-27ef-4fcc-bb63-c7a70cfb32f9,David Sweitzer,88151aae-2daa-4258-b0d9-a97371aa3dc1,show
ce8366fd-d9f1-48c3-90d1-15185c5ad190,Ladonna Short,d9063207-d7dc-4d98-bafb-ca0467aa5a11,show
53f2c832-3d98-44d2-9323-272491468587,Stephanie Maggard,328d12c1-bf16-4244-abfb-56aaac6036be,show
dfdb92ca-2ec8-40ab-b099-12d9a9996b02,James Tran,b222d139-2058-4c0d-8559-1a8adcaa7aa5,show
e7df018e-bbb9-4fcf-a2a7-9e82da697989,Ladonna Short,d9063207-d7dc-4d98-bafb-ca0467aa5a11,show
643a481a-824b-43b0-a39b-e5a35747d6fe,Karen Mata,7dd225b3-7277-49a9-b2ca-1c00b6c74ebe,show
7e5abc42-948a-4067-bd8a-6537684d99e3,Karen Mata,7dd225b3-7277-49a9-b2ca-1c00b6c74ebe,show
cc89f8cb-1085-4de9-a489-9230b1188db0,Christopher Savoie,f38413e3-092a-450e-86ea-a3e86670ce2a,show
3e690028-3d4a-43fd-91ee-f037db3b26ef,Daniel Bonifacio,b80cfbcd-8410-40a3-833b-21e831e928e9,show
4b33c4cf-7b00-4d1c-972e-ab94e322a40a,John Beidleman,b6308ac4-a806-4e10-a80c-b7be69820e97,show
56ae48dc-9c8b-4b43-8c02-6cec3ccafaa0,Anthony Luvene,1e0f9099-bd34-4797-ba7c-e5d990e7213d,show
75aa63e3-7f37-4a2f-81b8-e80980ef581c,David Sweitzer,88151aae-2daa-4258-b0d9-a97371aa3dc1,show
8ee27a4a-d8dd-4af2-918b-046dce1df368,Karen Mata,7dd225b3-7277-49a9-b2ca-1c00b6c74ebe,show
49a9cf03-0950-433e-8b8b-145c70ef1103,Christopher Savoie,f38413e3-092a-450e-86ea-a3e86670ce2a,show
9e200823-a379-4266-a23c-dcb8ca3f7202,Patricia Santos,42322a7d-a391-47e6-9ab0-6512cdffdf89,click
9164304a-fd15-404f-97db-8444587a9b60,Francesco White,4521e888-906f-4bab-8e3b-f9363f20efb4,show
a39a295c-43e0-4e3c-9802-c652537294f6,Karen Mata,7dd225b3-7277-49a9-b2ca-1c00b6c74ebe,show
4575781c-5657-4cd8-b993-8f46ad6c89af,Marie Silva,024c27d4-b9ec-469a-a068-9b524d6ffa29,show
8bbfd832-175b-433d-a260-6fd4d48028e8,Pat Phillips,87207a2c-b207-4c8f-9563-b883e91338f6,show
6b3281e6-b43a-4fe7-bfbd-b32b204bf5d5,Stephanie Maggard,328d12c1-bf16-4244-abfb-56aaac6036be,show
8bc2aaf6-ee90-4ccd-8ac6-e414d4c9c0df,John Beidleman,b6308ac4-a806-4e10-a80c-b7be69820e97,show
c6c5fa0d-6ce9-4794-8bf3-fbd1309a312c,Patricia Santos,42322a7d-a391-47e6-9ab0-6512cdffdf89,click
2b0139f7-3aee-4701-ad37-bb83b63c1e12,Darwin Chavis,b31ede11-5c86-4ba6-9e81-cf1d02d52ced,show
edf34f50-0abb-4a96-ba06-d8413d6d9fe7,David Sweitzer,88151aae-2daa-4258-b0d9-a97371aa3dc1,click
7766081f-94fa-4816-8489-df7a709e3ee4,David Sweitzer,88151aae-2daa-4258-b0d9-a97371aa3dc1,show
02161210-15f7-4524-9127-ab20af154409,Tamara Overton,c5f49627-5b42-4126-a495-0059ebfecfa8,show
5c7438f2-8cfe-4d20-bf46-038a4113d158,Daniel Bonifacio,b80cfbcd-8410-40a3-833b-21e831e928e9,show
102ba209-3341-4622-977d-c25d48e084c2,David Sweitzer,88151aae-2daa-4258-b0d9-a97371aa3dc1,show
0bcdc34a-26bc-479a-ba0a-4ee5ed33ef1a,John Beidleman,b6308ac4-a806-4e10-a80c-b7be69820e97,show
54626113-8f93-4965-82ed-f2f73a1b1b8e,Francesco White,4521e888-906f-4bab-8e3b-f9363f20efb4,show
1d7ba0aa-2be9-4919-a1cb-024e9b22a1cc,Danika Massey,68ebbad3-1ee5-4907-a09a-0504a04930c3,show
6b0b71b0-72f1-46a4-bfcd-c5a2d2fde72b,Tamara Overton,c5f49627-5b42-4126-a495-0059ebfecfa8,show
49084e6e-514b-47fc-b871-af56fe29f40c,Patricia Santos,42322a7d-a391-47e6-9ab0-6512cdffdf89,show
93e4621d-9f6d-4571-a6f1-216674d284ba,Deborah Isham,361f7340-7971-4b0c-814c-2f0638bf748c,click
349d2086-f035-4b19-9fa7-def9ae1380bf,David Sweitzer,88151aae-2daa-4258-b0d9-a97371aa3dc1,show
85f5bde9-76cb-41e7-b856-618815f236be,Darwin Chavis,b31ede11-5c86-4ba6-9e81-cf1d02d52ced,show
64362668-f91a-4fd4-80f3-6e832c6be855,Stephanie Maggard,328d12c1-bf16-4244-abfb-56aaac6036be,show
a3c6a50a-8611-41b3-99c9-9c19e1b1112a,Deborah Isham,361f7340-7971-4b0c-814c-2f0638bf748c,show
279c111e-2db1-45c1-afc3-68742b6c3698,David Sweitzer,88151aae-2daa-4258-b0d9-a97371aa3dc1,show
78527607-6ca3-4769-b235-416c69e4dfcd,Francesco White,4521e888-906f-4bab-8e3b-f9363f20efb4,show
dab45937-dabc-43d0-bec6-2f5316a9a95c,Darwin Chavis,b31ede11-5c86-4ba6-9e81-cf1d02d52ced,show
c9a8ddaf-3a85-444e-ba9b-010263e32f8a,Darwin Chavis,b31ede11-5c86-4ba6-9e81-cf1d02d52ced,show
aac36ec1-2c9e-4b30-b944-0a2b389075fb,Daniel Bonifacio,b80cfbcd-8410-40a3-833b-21e831e928e9,show
7d9bedd0-a1c8-4e73-8f4d-4f4559af1691,John Beidleman,b6308ac4-a806-4e10-a80c-b7be69820e97,show
4fef965c-207a-4202-8fcc-e9e61cca3bfa,Marie Silva,024c27d4-b9ec-469a-a068-9b524d6ffa29,show
3ebeaf11-e25c-4167-a62d-45d9cdeab459,Karen Mata,7dd225b3-7277-49a9-b2ca-1c00b6c74ebe,show
256cfa71-6e10-4857-97ff-71f44f79e657,Rafael Dirickson,e2040242-52a1-42f6-9151-1c57d35a3a2d,show
5909c383-7002-492d-aff5-f53b68dd2338,Karen Mata,7dd225b3-7277-49a9-b2ca-1c00b6c74ebe,show
27e6e367-b522-4ae8-b99c-2180d0160a55,Rafael Dirickson,e2040242-52a1-42f6-9151-1c57d35a3a2d,show
0800a462-a8ad-40f4-8ed9-c2378633cf33,Stephanie Maggard,328d12c1-bf16-4244-abfb-56aaac6036be,show
4be009a5-5dd2-4a24-98eb-99a74d4f86b0,Ladonna Short,d9063207-d7dc-4d98-bafb-ca0467aa5a11,show
cc55c286-24ef-4ad4-b01a-2264c1de974a,Daniel Bonifacio,b80cfbcd-8410-40a3-833b-21e831e928e9,show
94fddf9b-476f-40b6-a6bd-c055ebe97a5c,Patricia Santos,42322a7d-a391-47e6-9ab0-6512cdffdf89,show
d95d3080-9c5c-420c-9d4b-cecc2f2b06cd,Daniel Bonifacio,b80cfbcd-8410-40a3-833b-21e831e928e9,show
1917052d-1cef-451c-b04f-6b6b97f8298c,Marie Silva,024c27d4-b9ec-469a-a068-9b524d6ffa29,show
e5e5cb6e-976a-4934-9eaa-49827fd223ca,Deborah Isham,361f7340-7971-4b0c-814c-2f0638bf748c,show
1856d085-1a10-42fc-a045-bc31d77c0073,John Norrick,3073335c-8e1e-4224-97e2-01e6c569f0b9,show
6c54a883-a18b-4f35-8c39-bafb6b2565c2,Christopher Savoie,f38413e3-092a-450e-86ea-a3e86670ce2a,show
b5518dad-e926-42a6-a59a-0c2caeac7c76,James Tran,b222d139-2058-4c0d-8559-1a8adcaa7aa5,show
443faede-80f7-40f6-a21e-317376223e0c,Deborah Isham,361f7340-7971-4b0c-814c-2f0638bf748c,show
32ae66bc-f1cd-434b-9bc3-6fb937f20c47,Ladonna Short,d9063207-d7dc-4d98-bafb-ca0467aa5a11,show
77902394-ab4c-4156-8548-f1e88cd12332,Rafael Dirickson,e2040242-52a1-42f6-9151-1c57d35a3a2d,show
64f53cd5-2edb-4e4f-924b-a7b9db372756,John Beidleman,b6308ac4-a806-4e10-a80c-b7be69820e97,show
c209a50b-a2e9-4d6f-9c27-b225945477f6,Tamara Overton,c5f49627-5b42-4126-a495-0059ebfecfa8,show
4afa006b-a6a1-447e-a293-37e4d718a53d,Marie Silva,024c27d4-b9ec-469a-a068-9b524d6ffa29,show
4a88ee12-4977-4be8-b467-1bc7c675c94d,Karen Mata,7dd225b3-7277-49a9-b2ca-1c00b6c74ebe,show
448a693c-857f-4209-baa9-e0919e5c38f5,Anthony Luvene,1e0f9099-bd34-4797-ba7c-e5d990e7213d,show
a66e149e-fd57-45cf-9279-7e0d10a2d6e1,Francesco White,4521e888-906f-4bab-8e3b-f9363f20efb4,click
da365ecd-8ca0-4410-8558-b1130559278b,Stephanie Maggard,328d12c1-bf16-4244-abfb-56aaac6036be,show
58da47ff-6126-4c0f-98f3-8f2a5687783a,Deborah Isham,361f7340-7971-4b0c-814c-2f0638bf748c,show
c2d3240a-0cd1-4300-af44-5817bd1c01db,Omar Emmons,e95a6d75-8427-4a23-9eea-45b0bdd1fc98,show
38568f42-189c-4747-a27e-cc92c2a0fc09,John Beidleman,b6308ac4-a806-4e10-a80c-b7be69820e97,show
c6edb651-f237-4e97-9b62-67169620809d,John Beidleman,b6308ac4-a806-4e10-a80c-b7be69820e97,show
cb61d55d-289a-420d-b884-eaaf6bacf5c4,David Sweitzer,88151aae-2daa-4258-b0d9-a97371aa3dc1,show
57f99f55-4b2c-4ddc-874a-12235587ba7a,Stephanie Maggard,328d12c1-bf16-4244-abfb-56aaac6036be,show
57c1fc6f-764c-4ff0-8f3f-e752b22a41dd,Tamara Overton,c5f49627-5b42-4126-a495-0059ebfecfa8,show
2e8907e1-f397-4c55-86c0-38ad440cbe0f,Pat Phillips,87207a2c-b207-4c8f-9563-b883e91338f6,show
19c46bb5-a906-4bc1-9678-737cb491222f,Karen Mata,7dd225b3-7277-49a9-b2ca-1c00b6c74ebe,show
6f5d5f2b-4ae4-4051-bdb4-8d1642dfbd8d,John Norrick,3073335c-8e1e-4224-97e2-01e6c569f0b9,show
69bbc94e-6753-4ffd-8380-8551e6d91235,Ladonna Short,d9063207-d7dc-4d98-bafb-ca0467aa5a11,click
b4f4336c-80fb-4707-a920-766c969f31da,James Tran,b222d139-2058-4c0d-8559-1a8adcaa7aa5,show
34f41063-d28c-4a68-a17b-581c5e8b88ff,Stephanie Maggard,328d12c1-bf16-4244-abfb-56aaac6036be,show
3d04fb03-9433-4f78-b511-25e13be7d5c8,Deborah Isham,361f7340-7971-4b0c-814c-2f0638bf748c,show
bf234a47-73de-400c-902e-02c322c50d3b,Rafael Dirickson,e2040242-52a1-42f6-9151-1c57d35a3a2d,show
39057f78-24bc-429a-a900-71b011a99975,Ladonna Short,d9063207-d7dc-4d98-bafb-ca0467aa5a11,show
3a61bfb3-d988-4ab0-9efc-24b9995a8adc,Marie Silva,024c27d4-b9ec-469a-a068-9b524d6ffa29,show
b964c128-99ec-4c93-9971-5f0fa089a827,Karen Mata,7dd225b3-7277-49a9-b2ca-1c00b6c74ebe,show
568541a6-9de3-4399-8914-29963256d817,Christopher Savoie,f38413e3-092a-450e-86ea-a3e86670ce2a,show
8d5cddcd-227a-484b-a8de-8d17aa1fd6aa,Karen Mata,7dd225b3-7277-49a9-b2ca-1c00b6c74ebe,show
6f7dd1e4-df87-4d22-9897-756d4ecc7ae8,Deborah Isham,361f7340-7971-4b0c-814c-2f0638bf748c,show
22ed119c-7c02-4acb-b202-6f88c2dbbe4e,David Sweitzer,88151aae-2daa-4258-b0d9-a97371aa3dc1,show
a6b44a42-ad81-4f71-aa32-e0964cf68451,Daniel Bonifacio,b80cfbcd-8410-40a3-833b-21e831e928e9,show
f8706a3d-1d51-413b-b360-24fbdf601854,Rafael Dirickson,e2040242-52a1-42f6-9151-1c57d35a3a2d,show
9c1fd68d-ab9f-4801-88cb-97e38f69bb20,Tamara Overton,c5f49627-5b42-4126-a495-0059ebfecfa8,show
9d4b1615-9e27-4d5c-acd1-e89c1167c5a8,Rafael Dirickson,e2040242-52a1-42f6-9151-1c57d35a3a2d,show
612402bd-a89d-47c4-8ada-1def20c3b56e,Stephanie Maggard,328d12c1-bf16-4244-abfb-56aaac6036be,show
b6d63597-0e21-455f-b7f5-f3453b1b2612,Karen Mata,7dd225b3-7277-49a9-b2ca-1c00b6c74ebe,show
53e79dc3-4fee-4c21-9755-f4d491553ee1,Anthony Luvene,1e0f9099-bd34-4797-ba7c-e5d990e7213d,show
fccea4bc-287d-4c18-8128-f827d3fb094e,Rafael Dirickson,e2040242-52a1-42f6-9151-1c57d35a3a2d,show
0a6ef6ae-1470-441c-9acf-f9c7597bca3c,Deborah Isham,361f7340-7971-4b0c-814c-2f0638bf748c,show
2f4d2b98-540d-4b61-acf8-07729e4b4a77,Ladonna Short,d9063207-d7dc-4d98-bafb-ca0467aa5a11,show
4153915e-ba0f-42ec-82a3-a9957389fb9d,James Tran,b222d139-2058-4c0d-8559-1a8adcaa7aa5,show
946a2e42-2659-4596-8972-2f548664ae08,Christopher Savoie,f38413e3-092a-450e-86ea-a3e86670ce2a,show
f2e7610a-b37c-40b1-a1d9-a0cd5b13c1e0,Deborah Isham,361f7340-7971-4b0c-814c-2f0638bf748c,show
1af59605-1bf0-40f8-9bae-b8b4f8ccea6f,Deborah Isham,361f7340-7971-4b0c-814c-2f0638bf748c,show
dc93bbaa-de57-4d27-9e09-510c119cae0b,Karen Mata,7dd225b3-7277-49a9-b2ca-1c00b6c74ebe,show
c72c4fbb-3c20-4f48-9d85-9260e4b67631,Omar Emmons,e95a6d75-8427-4a23-9eea-45b0bdd1fc98,show
7333641c-ea28-40df-84f9-06f0293ec20e,Rafael Dirickson,e2040242-52a1-42f6-9151-1c57d35a3a2d,show
5221f10a-b7d7-4f5e-b757-52853ce900f8,Deborah Isham,361f7340-7971-4b0c-814c-2f0638bf748c,show
f8421029-191c-472d-bb8c-f82de7003fe3,Patricia Santos,42322a7d-a391-47e6-9ab0-6512cdffdf89,show
cb462578-85ef-4600-9d80-1f54b6acf7b1,John Beidleman,b6308ac4-a806-4e10-a80c-b7be69820e97,show
01d04a37-5e2e-43dd-a4ab-5b4d9469a571,Francesco White,4521e888-906f-4bab-8e3b-f9363f20efb4,show
527187f1-e2d4-4704-b306-a914237782cc,Darwin Chavis,b31ede11-5c86-4ba6-9e81-cf1d02d52ced,show
19be895b-a1f3-40a9-b1c9-d6b49899f32b,John Norrick,3073335c-8e1e-4224-97e2-01e6c569f0b9,show
60a642ea-547e-496c-ab75-72c8cd639797,Karen Mata,7dd225b3-7277-49a9-b2ca-1c00b6c74ebe,show
efd4eeda-75cd-44d6-a3f4-db58e64fb2ef,Karen Mata,7dd225b3-7277-49a9-b2ca-1c00b6c74ebe,show
ad69e9d0-2e97-4319-9b4b-e91ded841bab,Francesco White,4521e888-906f-4bab-8e3b-f9363f20efb4,show
ba3c6e45-ef99-4e5f-9dce-2a58c7ef5d5b,James Tran,b222d139-2058-4c0d-8559-1a8adcaa7aa5,show
2515a4e9-cc30-4539-a5a0-38f21ad3d89d,David Sweitzer,88151aae-2daa-4258-b0d9-a97371aa3dc1,show
73509904-3bfc-4bc1-a499-cd818721e5da,Deborah Isham,361f7340-7971-4b0c-814c-2f0638bf748c,show
b237964a-988e-4f40-874b-51ad564facf6,Karen Mata,7dd225b3-7277-49a9-b2ca-1c00b6c74ebe,show
33083ad8-50a3-479b-8b28-2f7becd66704,Ladonna Short,d9063207-d7dc-4d98-bafb-ca0467aa5a11,show
fbc06ef1-bfe4-4d58-a678-dd9d95210bc4,Marie Silva,024c27d4-b9ec-469a-a068-9b524d6ffa29,show
e0c4838b-b809-44b2-9b51-74d64c4fc2b0,Deborah Isham,361f7340-7971-4b0c-814c-2f0638bf748c,show
6aba604e-b8dc-4933-b47a-0e9a26aecca9,Christopher Savoie,f38413e3-092a-450e-86ea-a3e86670ce2a,show
d60339cf-2470-4029-88d9-92ab3ed4bd59,John Norrick,3073335c-8e1e-4224-97e2-01e6c569f0b9,show
d7d5bf50-597f-4b13-87e5-734464eb26d7,James Tran,b222d139-2058-4c0d-8559-1a8adcaa7aa5,show
0b0bafdb-8610-4e2b-a539-997b8f1052ae,John Beidleman,b6308ac4-a806-4e10-a80c-b7be69820e97,show
de7db045-875a-42f4-b44e-8af1ecb92f95,Ladonna Short,d9063207-d7dc-4d98-bafb-ca0467aa5a11,show
9e4ba21e-533e-48f6-aed1-9de14d20fb5e,Karen Mata,7dd225b3-7277-49a9-b2ca-1c00b6c74ebe,show
5c55d166-6ecd-4d9e-9c88-aba847ac76bc,Daniel Bonifacio,b80cfbcd-8410-40a3-833b-21e831e928e9,show
fd9e2633-7b25-4ec1-9f4c-2886d3dcfc47,Anthony Luvene,1e0f9099-bd34-4797-ba7c-e5d990e7213d,show
2200274f-e0cd-4765-ba92-6b9e270f5187,Anthony Luvene,1e0f9099-bd34-4797-ba7c-e5d990e7213d,show
c98939be-1566-4b66-a9ad-d7577a3fcb27,Stephanie Maggard,328d12c1-bf16-4244-abfb-56aaac6036be,show
914a3538-cc7b-4b7f-9855-af9f9b2e0e38,Deborah Isham,361f7340-7971-4b0c-814c-2f0638bf748c,show
9c75fb5e-8613-4c28-8208-20876192e24d,David Sweitzer,88151aae-2daa-4258-b0d9-a97371aa3dc1,show
01aeb6e3-8491-42c4-bf2f-1af0cca53139,Tamara Overton,c5f49627-5b42-4126-a495-0059ebfecfa8,show
5da0ba75-78fd-4a7b-8884-4dd653550e04,Ladonna Short,d9063207-d7dc-4d98-bafb-ca0467aa5a11,show
f395e48d-55ae-48b0-8fb3-c73fa4c18faa,Ladonna Short,d9063207-d7dc-4d98-bafb-ca0467aa5a11,show
304360de-115b-4100-a964-28816233bd35,Marie Silva,024c27d4-b9ec-469a-a068-9b524d6ffa29,show
45e1412b-82a5-46dd-b61f-46ef85753e6f,Stephanie Maggard,328d12c1-bf16-4244-abfb-56aaac6036be,show
bff46559-f35c-4ed6-84b1-86742005eef4,Patricia Santos,42322a7d-a391-47e6-9ab0-6512cdffdf89,show
45976609-a184-4307-a14a-f1e135696a8e,Pat Phillips,87207a2c-b207-4c8f-9563-b883e91338f6,show
e92051da-7a23-48b1-96d6-5fc57a0d946c,Deborah Isham,361f7340-7971-4b0c-814c-2f0638bf748c,show
44f26e89-f9b7-46fb-9d29-a36c78850c74,Danika Massey,68ebbad3-1ee5-4907-a09a-0504a04930c3,show
b696be14-44e6-43fb-9cab-049aa5f56f20,Daniel Bonifacio,b80cfbcd-8410-40a3-833b-21e831e928e9,show
a71eef6c-e578-424a-9b12-bcccd6615bd7,Karen Mata,7dd225b3-7277-49a9-b2ca-1c00b6c74ebe,show
becfeced-568d-4537-b23c-3d813b7af5ec,John Beidleman,b6308ac4-a806-4e10-a80c-b7be69820e97,show
f377d9d7-d1d7-43d7-85d6-8d146daf9c21,Danika Massey,68ebbad3-1ee5-4907-a09a-0504a04930c3,show
ca1992fd-88f7-4872-84d7-dd447dfdb5d5,Pat Phillips,87207a2c-b207-4c8f-9563-b883e91338f6,show
1f7024f5-64ae-4602-9a5d-bd282c1870b1,Rafael Dirickson,e2040242-52a1-42f6-9151-1c57d35a3a2d,show
229b0a5f-f5fe-4ebe-82ea-b1bd1c365713,Marie Silva,024c27d4-b9ec-469a-a068-9b524d6ffa29,show
a6c9652b-21d2-4b49-854d-eb0462957825,Omar Emmons,e95a6d75-8427-4a23-9eea-45b0bdd1fc98,show
f5ffcdae-9b7f-43db-9cc5-c5350d5a3ad9,Christopher Savoie,f38413e3-092a-450e-86ea-a3e86670ce2a,show
8df86964-a2f1-45d1-9a29-07ff7ea2ffd0,Anthony Luvene,1e0f9099-bd34-4797-ba7c-e5d990e7213d,show
341018aa-61cb-41e3-a05d-fac08fe9914d,Patricia Santos,42322a7d-a391-47e6-9ab0-6512cdffdf89,show
11b8faa1-d539-4a59-82d4-ec38dc7e7a63,James Tran,b222d139-2058-4c0d-8559-1a8adcaa7aa5,show
72462b26-117f-4bd3-ab1f-0c1145a3710f,John Norrick,3073335c-8e1e-4224-97e2-01e6c569f0b9,show
98f1b7a8-9b7a-4aa8-9ed8-db196ad3fe3b,Pat Phillips,87207a2c-b207-4c8f-9563-b883e91338f6,show
61a2f92e-8bc6-4be9-8817-9abfa89cf773,John Norrick,3073335c-8e1e-4224-97e2-01e6c569f0b9,show
1a7cd6b5-f746-45c3-9cf6-06d17d6720e5,Ladonna Short,d9063207-d7dc-4d98-bafb-ca0467aa5a11,show
c6cdc1da-01d5-42b6-9133-c9fab6137842,Danika Massey,68ebbad3-1ee5-4907-a09a-0504a04930c3,show
27f95953-17e8-4d00-9e73-0eb278c5b1a2,John Norrick,3073335c-8e1e-4224-97e2-01e6c569f0b9,show
ad00b5ce-281e-4961-9a0c-3cd428140599,Ladonna Short,d9063207-d7dc-4d98-bafb-ca0467aa5a11,show
b8e72d27-afed-4cf9-a234-2dfd0fec9fa5,Deborah Isham,361f7340-7971-4b0c-814c-2f0638bf748c,show
b157ec1d-ed51-4547-97ae-525867e915db,Marie Silva,024c27d4-b9ec-469a-a068-9b524d6ffa29,show
b0f6cd81-f6b9-4a67-8e28-cebe525c5dae,David Sweitzer,88151aae-2daa-4258-b0d9-a97371aa3dc1,show
4e28a7d7-698d-4d8c-ba44-4d5bc5af1e82,Tamara Overton,c5f49627-5b42-4126-a495-0059ebfecfa8,show
b68f36a8-d3d4-461f-8e06-7b4055350794,Marie Silva,024c27d4-b9ec-469a-a068-9b524d6ffa29,click
5fc76e71-a771-4f95-b2c7-7f8f1e41e6d3,Christopher Savoie,f38413e3-092a-450e-86ea-a3e86670ce2a,show
3c71a3a0-af3b-4bcf-a0b6-de1fd9d32100,Patricia Santos,42322a7d-a391-47e6-9ab0-6512cdffdf89,show
c2250c4a-96cb-4803-a32e-de561429e971,James Tran,b222d139-2058-4c0d-8559-1a8adcaa7aa5,show
a882b524-e295-4708-95ec-20d213b5040a,Marie Silva,024c27d4-b9ec-469a-a068-9b524d6ffa29,show
3544f6ca-a3c3-41d1-81e0-6f0b8fb06631,Rafael Dirickson,e2040242-52a1-42f6-9151-1c57d35a3a2d,show
1df9dcae-299f-4cf8-9fba-4ecf9044a39d,Omar Emmons,e95a6d75-8427-4a23-9eea-45b0bdd1fc98,show
a2f52b8d-d275-4c4a-b56b-879a2ba97ca8,Danika Massey,68ebbad3-1ee5-4907-a09a-0504a04930c3,show
156d69b7-82ac-4e38-bd05-b6b3828b1d3f,Anthony Luvene,1e0f9099-bd34-4797-ba7c-e5d990e7213d,show
72a68b0c-e488-47ad-8dd0-90a1b8830a78,Pat Phillips,87207a2c-b207-4c8f-9563-b883e91338f6,show
d61e4bd2-132d-493c-915f-4518a5dcf834,Stephanie Maggard,328d12c1-bf16-4244-abfb-56aaac6036be,show
7a9b016b-4140-4d6a-90c8-422f4a79f337,James Tran,b222d139-2058-4c0d-8559-1a8adcaa7aa5,show
f1660111-4ad0-43ec-a2d9-a3618b61cbd7,Francesco White,4521e888-906f-4bab-8e3b-f9363f20efb4,show
d181a859-db42-429b-9f41-520f06548994,Karen Mata,7dd225b3-7277-49a9-b2ca-1c00b6c74ebe,show
d6494dcc-865d-4578-90c4-ad1ac4d71e07,Pat Phillips,87207a2c-b207-4c8f-9563-b883e91338f6,show
